// MilkShape 3D ASCII

Frames: 1
Frame: 1

Meshes: 19
"Mesh0" 0 0
0
0
0
"Mesh1" 0 1
0
0
0
"Mesh2" 0 2
15
0 0.000000 3.400000 -0.643773 0.000000 0.000000 0
0 0.282783 3.255333 -0.730550 0.000000 0.000000 0
0 0.229467 3.315006 -0.825794 0.000000 0.000000 0
0 0.000000 3.390955 -0.741352 0.000000 0.000000 0
0 0.206989 2.971085 -0.949337 0.000000 0.000000 0
0 0.178521 3.043968 -0.994748 0.000000 0.000000 0
0 -0.206989 2.971084 -0.949337 0.000000 0.000000 0
0 -0.282783 3.255333 -0.730550 0.000000 0.000000 0
0 -0.229467 3.315006 -0.825794 0.000000 0.000000 0
0 -0.178521 3.043967 -0.994748 0.000000 0.000000 0
0 -0.190598 3.245107 -0.781980 0.000000 0.000000 0
0 -0.121003 3.039532 -0.931436 0.000000 0.000000 0
0 -0.000002 3.319566 -0.719757 0.000000 0.000000 0
0 0.190594 3.245107 -0.781980 0.000000 0.000000 0
0 0.121001 3.039532 -0.931436 0.000000 0.000000 0
15
0.049027 0.761954 -0.454310
0.354824 0.726390 -0.588606
0.062423 0.594778 -0.801463
0.000002 0.630098 -0.776516
0.231812 0.217951 -0.948030
0.054007 0.539197 -0.840446
-0.231812 0.217951 -0.948030
-0.353909 0.722296 -0.594169
-0.062414 0.594777 -0.801464
-0.053999 0.539199 -0.840446
0.487888 0.304630 -0.818025
0.243613 0.785625 -0.568723
0.000001 0.281262 -0.959631
-0.487876 0.304638 -0.818030
-0.243608 0.785624 -0.568727
20
0 0 2 1 0 2 1 1
0 0 3 2 0 3 2 1
0 1 5 4 1 5 4 1
0 1 2 5 1 2 5 1
0 6 8 7 6 8 7 1
0 6 9 8 6 9 8 1
0 9 10 8 9 10 8 1
0 9 11 10 9 11 10 1
0 8 12 3 8 12 3 1
0 8 10 12 8 10 12 1
0 3 13 2 3 13 2 1
0 3 12 13 3 12 13 1
0 7 3 0 7 3 0 1
0 7 8 3 7 8 3 1
0 2 14 5 2 14 5 1
0 2 13 14 2 13 14 1
0 9 14 11 9 14 11 1
0 9 5 14 9 5 14 1
0 4 9 6 4 9 6 1
0 4 5 9 4 5 9 1
"Mesh3" 0 3
0
0
0
"Mesh4" 0 4
0
0
0
"Mesh5" 0 5
0
0
0
"Mesh6" 0 6
253
0 0.890043 2.586668 1.225560 0.863839 0.531983 0
0 1.379838 3.173336 0.601120 0.858900 0.265000 0
0 0.894135 3.221334 1.027506 0.623243 0.342750 0
0 0.000000 2.040000 1.289999 0.861607 0.237548 0
0 -0.511741 2.036000 1.250000 0.861607 0.116700 0
0 -0.372829 1.585999 1.126207 0.620536 0.154053 0
0 -1.285608 1.963502 0.651443 0.863839 0.712158 0
0 -1.125098 1.553668 0.701767 0.616071 0.679199 0
0 -0.372829 1.585999 1.126207 0.613839 0.364991 0
0 -0.511741 2.036000 1.250000 0.863839 0.367188 0
0 0.511741 2.036000 1.250000 0.863839 0.367188 0
0 0.372829 1.585999 1.126207 0.613839 0.364991 0
0 1.125098 1.553668 0.701767 0.616071 0.679199 0
0 1.285608 1.963502 0.651443 0.863839 0.712158 0
0 -0.894135 3.221334 1.027506 0.623243 0.342750 0
0 -1.379838 3.173336 0.601120 0.858900 0.265000 0
0 -0.890043 2.586668 1.225560 0.863839 0.531983 0
0 -0.511741 2.036000 1.250000 0.848214 0.756103 0
0 0.000000 2.040000 1.289999 0.633929 0.833008 0
0 -0.398772 2.610667 1.308752 0.620536 0.619873 0
0 0.398772 2.610667 1.308752 0.620536 0.619873 0
0 0.000000 2.040000 1.289999 0.633929 0.833008 0
0 0.511741 2.036000 1.250000 0.848214 0.756103 0
0 -0.217139 2.028283 -1.195902 0.408482 0.986816 0
0 -0.128823 1.716607 -1.145386 0.098214 0.989013 0
0 -0.303169 2.054744 -1.317442 0.433036 0.868164 0
0 0.217665 2.028283 -1.195902 0.131696 0.984619 0
0 0.000168 2.251958 -1.246418 0.439732 0.931885 0
0 0.301839 2.054744 -1.317442 0.069196 0.857178 0
0 -0.192194 1.674275 -1.176856 0.075893 0.870362 0
0 -0.000002 0.264590 -1.018913 0.230875 0.808342 0
0 -0.299157 0.432502 -1.046912 0.488423 0.809975 0
0 -0.222060 0.504352 -0.980354 0.483316 0.994604 0
0 0.000000 0.323620 -0.980354 0.227683 0.993219 0
0 0.192397 0.710658 -1.095175 0.438483 0.871536 0
0 0.140647 0.672797 -1.012883 0.391988 0.983117 0
0 -0.140647 0.672797 -1.012883 0.139263 0.983117 0
0 -0.192400 0.710658 -1.095175 0.092766 0.871536 0
0 0.192397 0.710658 -1.095175 0.118304 0.811035 0
0 0.299153 0.432502 -1.046912 0.450893 0.802246 0
0 0.222060 0.504352 -0.980354 0.359375 0.989013 0
0 0.140647 0.672797 -1.012883 0.138393 0.984619 0
0 0.299153 0.432502 -1.046912 0.488423 0.809975 0
0 0.222060 0.504352 -0.980354 0.483316 0.994604 0
0 -0.299157 0.432502 -1.046912 0.011161 0.769287 0
0 -0.192400 0.710658 -1.095175 0.462054 0.786865 0
0 -0.140647 0.672797 -1.012883 0.447126 0.885743 0
0 -0.222060 0.504352 -0.980354 0.140067 0.918701 0
0 0.372829 1.585999 1.126207 0.620536 0.340820 0
0 0.511741 2.036000 1.250000 0.861607 0.375976 0
0 0.190557 1.674275 -1.176856 0.080384 0.837744 0
0 -0.192194 1.674275 -1.176856 0.444242 0.838676 0
0 -0.128823 1.716607 -1.145386 0.383627 0.979013 0
0 0.129152 1.716607 -1.145386 0.138388 0.978384 0
0 -0.233478 1.634493 -1.043818 0.011161 0.655030 0
0 -0.400138 2.082963 -1.184404 0.506696 0.648437 0
0 0.301839 2.054744 -1.317442 0.049107 0.890137 0
0 0.129152 1.716607 -1.145386 0.482143 0.993409 0
0 0.217665 2.028283 -1.195902 0.080357 0.989013 0
0 -0.000833 2.306657 -1.326754 0.466518 0.775878 0
0 -0.303169 2.054744 -1.317442 0.069196 0.857178 0
0 0.190557 1.674275 -1.176856 0.511161 0.868164 0
0 -0.400138 2.082963 -1.184404 0.029018 0.668212 0
0 0.000000 2.354875 -1.193716 0.515625 0.641846 0
0 0.400138 2.082963 -1.184404 0.029018 0.668212 0
0 0.000000 0.223636 -0.911361 0.230502 0.663546 0
0 -0.329466 0.439547 -0.911361 0.524174 0.663546 0
0 0.208675 0.769703 -0.959624 0.453108 0.697519 0
0 -0.208675 0.769703 -0.959624 0.078143 0.697519 0
0 0.208675 0.769703 -0.959624 0.024554 0.659424 0
0 0.329466 0.439547 -0.911361 0.495536 0.668212 0
0 0.329466 0.439547 -0.911361 0.524174 0.663546 0
0 -0.329466 0.439547 -0.911361 0.013393 0.679199 0
0 -0.208675 0.769703 -0.959624 0.484375 0.677002 0
0 0.233478 1.634493 -1.043818 0.039932 0.705613 0
0 -0.233478 1.634493 -1.043818 0.483837 0.706751 0
0 0.400138 2.082963 -1.184404 0.051339 0.694580 0
0 0.233478 1.634493 -1.043818 0.491071 0.698974 0
0 -0.217139 2.028283 -1.195902 0.131696 0.984619 0
0 0.278381 -0.653899 0.422998 0.636161 0.209026 3
0 0.279324 -2.181341 0.306768 0.028361 0.196034 3
0 0.278381 -0.653899 0.422998 0.633929 0.169434 3
0 -0.267783 -0.655649 0.422998 0.633929 0.050781 3
0 -0.258937 -2.183065 0.306768 0.091404 0.055828 3
0 0.279324 -2.181341 0.306768 0.089207 0.172214 3
0 -0.267783 -0.655649 -0.522992 0.633929 0.050781 3
0 0.278380 -0.653899 -0.522992 0.633929 0.169434 3
0 0.279322 -2.181341 -0.366328 0.089207 0.172214 3
0 -0.258937 -2.183065 -0.366328 0.091404 0.055828 3
0 0.279322 -2.181341 -0.366328 0.036124 0.109048 3
0 0.278380 -0.653899 -0.522992 0.636161 0.085938 3
0 0.451462 -0.653345 -0.049997 0.636161 0.156250 3
0 0.148176 -1.133997 0.828884 0.350446 0.424317 4
0 0.178250 -0.561996 -2.009766 0.020089 0.334229 4
0 -0.303754 -0.561996 -2.009766 0.020089 0.189209 4
0 0.341440 -0.362098 1.043123 0.089286 0.426514 4
0 0.341440 -0.362098 1.043123 0.574257 0.320361 4
0 0.542720 -0.783995 -0.084001 0.485293 0.467743 4
0 0.465954 -0.279998 -1.127768 0.402907 0.291681 4
0 -0.431039 -0.362098 1.043124 0.574257 0.320361 4
0 0.465954 -0.279998 -1.127768 0.225446 0.415527 4
0 -0.662688 -0.279998 -1.127767 0.227679 0.081543 4
0 -0.662688 -0.279998 -1.127767 0.402907 0.291681 4
0 -0.703840 -0.783995 -0.084000 0.485293 0.467743 4
0 -0.273679 -1.133997 0.828884 0.350446 0.424317 4
0 0.148176 -1.133997 0.828884 0.350446 0.426514 4
0 0.341440 -0.362098 1.043123 0.089286 0.426514 4
0 -0.431039 -0.362098 1.043124 0.089286 0.426514 4
0 -0.594224 -1.133997 -1.346883 0.357420 0.503741 4
0 -0.662688 -0.279998 -1.127767 0.040177 0.511185 4
0 -0.303754 -0.561996 -2.009766 0.148942 0.434666 4
0 0.542720 -0.783995 -0.084001 0.229911 0.492432 4
0 0.465954 -1.133997 -0.084001 0.345982 0.492432 4
0 0.433106 -1.133997 -1.346884 0.352679 0.589111 4
0 -0.703840 -0.783995 -0.084000 0.229911 0.492432 4
0 -0.627072 -1.133997 -0.084000 0.345982 0.492432 4
0 -0.284988 -1.133997 -1.996883 0.360639 0.444283 4
0 0.139137 -1.133997 -1.996883 0.360639 0.444283 4
0 0.178250 -0.561996 -2.009766 0.148942 0.434666 4
0 -0.703840 -0.783995 -0.084000 0.221592 0.614098 4
0 0.465954 -0.279998 -1.127768 0.040177 0.511185 4
0 0.433106 -1.133997 -1.346884 0.357420 0.503741 4
0 0.542720 -0.783995 -0.084001 0.221592 0.614098 4
0 -0.594224 -1.133997 -1.346883 0.352679 0.589111 4
0 -0.203736 -1.394794 -0.451324 0.616071 0.389160 5
0 -0.145011 -0.855072 -0.507459 0.415179 0.149658 5
0 0.021319 -1.287874 -0.451323 0.613839 0.149658 5
0 -0.370067 -0.961994 -0.507459 0.415179 0.386963 5
0 -0.370067 -0.961994 -0.507459 0.084399 0.103866 5
0 -0.234320 0.009368 -0.371478 0.352377 0.145651 5
0 0.021319 -1.287874 -0.451323 0.616071 0.149658 5
0 -0.145011 -0.855072 -0.507459 0.418551 0.149612 5
0 -0.370067 -0.961994 0.502970 0.075541 0.389317 5
0 -0.234320 0.009368 0.317259 0.346339 0.340223 5
0 -0.318957 0.009774 -0.002109 0.349251 0.250001 5
0 0.021319 -1.287874 0.446836 0.613839 0.149658 5
0 -0.145011 -0.855072 0.502971 0.415179 0.149658 5
0 -0.370067 -0.961994 0.502970 0.415179 0.386963 5
0 -0.203736 -1.394796 0.446836 0.616071 0.389160 5
0 -0.370067 -0.961994 -0.507459 0.415179 0.386963 5
0 -0.203736 -1.394794 -0.451324 0.613839 0.389160 5
0 -0.307734 -0.340665 0.581219 0.638206 0.095496 6
0 -0.659467 -0.340665 -0.028000 0.647321 0.206787 6
0 0.283732 -0.340665 0.581219 0.636161 0.217773 6
0 -0.307734 -0.340665 0.581219 0.636161 0.090332 6
0 0.635465 -0.340665 -0.028000 0.647321 0.206787 6
0 0.283732 -0.340665 0.581219 0.638206 0.095496 6
0 -0.242947 -3.774001 -0.628680 0.372768 0.178223 6
0 0.229600 -3.774001 -0.628680 0.372768 0.316651 6
0 -0.469322 -3.774001 -0.010449 0.486678 0.100947 6
0 0.229600 -3.774001 0.607782 0.535476 0.100947 6
0 0.475771 -3.774001 -0.010449 0.486678 0.100947 6
0 0.229600 -3.774001 -0.628680 0.437881 0.100947 6
0 -0.242947 -3.774001 -0.628680 0.437881 0.100947 6
0 -0.223153 -3.774001 0.607782 0.535476 0.100947 6
0 0.263889 -1.145331 0.843175 0.493559 0.048141 6
0 0.229600 -3.774001 0.607782 0.017823 0.069108 6
0 0.475771 -3.774001 -0.010449 0.014370 0.185879 6
0 -0.443306 -1.145331 0.843175 0.499575 0.064024 6
0 -0.223153 -3.774001 0.607782 0.016802 0.110318 6
0 0.229600 -3.774001 0.607782 0.011569 0.188871 6
0 0.263889 -1.145331 0.843175 0.497580 0.209625 6
0 -0.845966 -1.145331 0.080929 0.492288 0.185053 6
0 -0.469322 -3.774001 -0.010449 0.014370 0.185879 6
0 -0.223153 -3.774001 0.607782 0.017823 0.069108 6
0 -0.443306 -1.145331 0.843175 0.493559 0.048141 6
0 0.266262 -0.655656 0.423960 0.633929 0.050781 10
0 -0.279900 -0.653906 0.421995 0.633929 0.169434 10
0 -0.280425 -2.181354 0.305763 0.089207 0.172214 10
0 -0.278002 -2.181353 -0.367329 0.089207 0.172214 10
0 -0.276497 -0.653905 -0.523989 0.633929 0.169434 10
0 0.269663 -0.655656 -0.522025 0.633929 0.050781 10
0 0.260254 -2.183077 -0.365394 0.091404 0.055828 10
0 -0.276497 -0.653905 -0.523989 0.636161 0.085938 10
0 -0.278002 -2.181353 -0.367329 0.036124 0.109048 10
0 -0.280425 -2.181354 0.305763 0.028361 0.196034 10
0 -0.279900 -0.653906 0.421995 0.636161 0.209026 10
0 -0.451279 -0.653352 -0.051619 0.636161 0.156250 10
0 0.257834 -2.183077 0.307698 0.091404 0.055828 10
0 0.296526 -0.561996 -2.010845 0.148942 0.434666 11
0 0.658629 -0.279998 -1.130142 0.040177 0.511185 11
0 0.589378 -1.133997 -1.349011 0.357420 0.503741 11
0 -0.437945 -1.133997 -1.345318 0.352679 0.589111 11
0 -0.466253 -1.133997 -0.082325 0.345982 0.492432 11
0 -0.543019 -0.783995 -0.082049 0.229911 0.492432 11
0 0.626766 -1.133997 -0.086254 0.345982 0.492432 11
0 0.703533 -0.783995 -0.086530 0.229911 0.492432 11
0 0.277807 -1.133997 -1.997894 0.360639 0.444283 11
0 -0.185474 -0.561996 -2.009112 0.148942 0.434666 11
0 -0.146315 -1.133997 -1.996369 0.360639 0.444283 11
0 0.703533 -0.783995 -0.086530 0.221592 0.614098 11
0 -0.437945 -1.133997 -1.345318 0.357420 0.503741 11
0 -0.470005 -0.279998 -1.126084 0.040177 0.511185 11
0 -0.543019 -0.783995 -0.082049 0.221592 0.614098 11
0 0.589378 -1.133997 -1.349011 0.352679 0.589111 11
0 -0.145195 -1.133997 0.829411 0.350446 0.424317 11
0 0.296526 -0.561996 -2.010845 0.020089 0.189209 11
0 -0.185474 -0.561996 -2.009112 0.020089 0.334229 11
0 -0.337688 -0.362098 1.044344 0.089286 0.426514 11
0 -0.337688 -0.362098 1.044344 0.574257 0.320361 11
0 -0.470005 -0.279998 -1.126084 0.402907 0.291681 11
0 -0.543019 -0.783995 -0.082049 0.485293 0.467743 11
0 0.434786 -0.362098 1.041567 0.574257 0.320361 11
0 0.658629 -0.279998 -1.130142 0.227679 0.081543 11
0 -0.470005 -0.279998 -1.126084 0.225446 0.415527 11
0 0.703533 -0.783995 -0.086530 0.485293 0.467743 11
0 0.658629 -0.279998 -1.130142 0.402907 0.291681 11
0 0.434786 -0.362098 1.041567 0.089286 0.426514 11
0 -0.337688 -0.362098 1.044344 0.089286 0.426514 11
0 -0.145195 -1.133997 0.829411 0.350446 0.426514 11
0 0.276657 -1.133997 0.827894 0.350446 0.424317 11
0 0.371276 -0.961992 0.502077 0.075541 0.389317 12
0 0.204811 -1.394794 0.446344 0.616071 0.389160 12
0 0.371276 -0.961992 0.502077 0.415179 0.386963 12
0 0.146222 -0.855071 0.502620 0.415179 0.149658 12
0 -0.020243 -1.287872 0.446886 0.613839 0.149658 12
0 0.202648 -1.394791 -0.451813 0.613839 0.389160 12
0 0.368843 -0.961992 -0.508348 0.415179 0.386963 12
0 -0.022406 -1.287872 -0.451271 0.613839 0.149658 12
0 0.143788 -0.855071 -0.507806 0.415179 0.149658 12
0 0.202648 -1.394791 -0.451813 0.616071 0.389160 12
0 0.368843 -0.961992 -0.508348 0.415179 0.386963 12
0 0.368843 -0.961992 -0.508348 0.084399 0.103866 12
0 0.233425 0.009369 -0.372041 0.352377 0.145651 12
0 0.143788 -0.855071 -0.507806 0.418551 0.149612 12
0 -0.022406 -1.287872 -0.451271 0.616071 0.149658 12
0 0.318951 0.009775 -0.002877 0.349251 0.250001 12
0 0.235083 0.009369 0.316693 0.346339 0.340223 12
0 -0.475766 -3.774001 -0.010643 0.014370 0.185879 13
0 -0.229848 -3.774001 0.607688 0.017823 0.069108 13
0 -0.264233 -1.145331 0.843067 0.493559 0.048141 13
0 -0.264233 -1.145331 0.843067 0.497580 0.209625 13
0 -0.229848 -3.774001 0.607688 0.011569 0.188871 13
0 0.222905 -3.774001 0.607873 0.016802 0.110318 13
0 0.442962 -1.145331 0.843355 0.499575 0.064024 13
0 0.442962 -1.145331 0.843355 0.493559 0.048141 13
0 0.222905 -3.774001 0.607873 0.017823 0.069108 13
0 0.469326 -3.774001 -0.010258 0.014370 0.185879 13
0 0.845933 -1.145331 0.081273 0.492288 0.185053 13
0 0.659478 -0.340665 -0.027732 0.647321 0.206787 13
0 0.307497 -0.340665 0.581344 0.638206 0.095496 13
0 0.307497 -0.340665 0.581344 0.636161 0.090332 13
0 -0.283968 -0.340665 0.581103 0.636161 0.217773 13
0 -0.283968 -0.340665 0.581103 0.638206 0.095496 13
0 -0.635453 -0.340665 -0.028259 0.647321 0.206787 13
0 -0.475766 -3.774001 -0.010643 0.486678 0.100947 13
0 -0.229848 -3.774001 0.607688 0.535476 0.100947 13
0 0.222905 -3.774001 0.607873 0.535476 0.100947 13
0 -0.229344 -3.774001 -0.628773 0.372768 0.316651 13
0 0.469326 -3.774001 -0.010258 0.486678 0.100947 13
0 -0.229344 -3.774001 -0.628773 0.437881 0.100947 13
0 0.243203 -3.774001 -0.628580 0.437881 0.100947 13
0 0.243203 -3.774001 -0.628580 0.372768 0.178223 13
253
0.448978 0.069845 0.890809
0.634025 0.329375 0.654351
0.337932 0.570929 0.748226
0.000000 -0.187696 0.982227
-0.297490 -0.262123 0.918037
-0.225115 -0.274494 0.934867
-0.818124 -0.336737 0.466134
-0.768656 -0.245531 0.590663
-0.225115 -0.274494 0.934867
-0.297490 -0.262123 0.918037
0.297490 -0.262123 0.918037
0.225115 -0.274494 0.934867
0.768656 -0.245531 0.590663
0.818124 -0.336737 0.466134
-0.336855 0.573958 0.746392
-0.632710 0.330674 0.654671
-0.448978 0.069845 0.890809
-0.297490 -0.262123 0.918037
0.000000 -0.187696 0.982227
-0.095586 0.109395 0.989392
0.095586 0.109395 0.989392
0.000000 -0.187696 0.982227
0.297490 -0.262123 0.918037
0.518991 -0.267608 -0.811809
0.296750 0.051294 -0.953577
0.306571 -0.290669 -0.906380
-0.524115 -0.267874 -0.808423
-0.001117 -0.544961 -0.838460
-0.315224 -0.291541 -0.903127
-0.108899 -0.365691 -0.924344
-0.000004 -0.362177 -0.932109
-0.184893 -0.260535 -0.947595
0.382041 -0.035422 -0.923466
-0.000001 0.116970 -0.993135
0.116888 -0.056836 -0.991517
-0.184437 -0.457184 -0.870038
0.184432 -0.457182 -0.870040
-0.116899 -0.056831 -0.991516
0.116888 -0.056836 -0.991517
0.184878 -0.260531 -0.947599
-0.382052 -0.035419 -0.923462
-0.184437 -0.457184 -0.870038
0.184878 -0.260531 -0.947599
-0.382052 -0.035419 -0.923462
-0.184893 -0.260535 -0.947595
-0.116899 -0.056831 -0.991516
0.184432 -0.457182 -0.870040
0.382041 -0.035422 -0.923466
0.225115 -0.274494 0.934867
0.297490 -0.262123 0.918037
0.103317 -0.364293 -0.925536
-0.108899 -0.365691 -0.924344
0.296750 0.051294 -0.953577
-0.301008 0.053477 -0.952121
-0.313894 -0.464117 -0.828291
-0.487508 0.018415 -0.872924
-0.315224 -0.291541 -0.903127
-0.301008 0.053477 -0.952121
-0.524115 -0.267874 -0.808423
-0.002817 0.044662 -0.998998
0.306571 -0.290669 -0.906380
0.103317 -0.364293 -0.925536
-0.487508 0.018415 -0.872924
-0.000235 0.462640 -0.886546
0.485269 0.017681 -0.874186
-0.000001 -0.685952 -0.727647
-0.572630 -0.202608 -0.794383
0.396728 0.249948 -0.883251
-0.396730 0.249951 -0.883250
0.396728 0.249948 -0.883251
0.572624 -0.202608 -0.794388
0.572624 -0.202608 -0.794388
-0.572630 -0.202608 -0.794383
-0.396730 0.249951 -0.883250
0.312551 -0.463869 -0.828938
-0.313894 -0.464117 -0.828291
0.485269 0.017681 -0.874186
0.312551 -0.463869 -0.828938
0.518991 -0.267608 -0.811809
0.373368 0.012084 0.927605
0.730813 -0.458042 0.506073
0.373368 0.012084 0.927605
-0.536910 0.000325 0.843640
-0.488672 -0.606349 0.627328
0.730813 -0.458042 0.506073
-0.350866 -0.001395 -0.936424
0.574701 -0.009114 -0.818313
0.505313 -0.612487 -0.607881
-0.699995 -0.482297 -0.526684
0.505313 -0.612487 -0.607881
0.574701 -0.009114 -0.818313
0.999984 -0.005580 0.000017
0.613244 -0.592960 0.521853
0.639231 0.312081 -0.702844
-0.620632 0.311107 -0.719742
0.607809 0.300762 0.734922
0.607809 0.300762 0.734922
0.991737 -0.073532 0.105125
0.770948 0.515391 -0.374180
-0.714590 0.158694 0.681305
0.770948 0.515391 -0.374180
-0.780126 0.495923 -0.381397
-0.780126 0.495923 -0.381397
-0.986961 -0.086121 0.135984
-0.605506 -0.579576 0.545393
0.613244 -0.592960 0.521853
0.607809 0.300762 0.734922
-0.714590 0.158694 0.681305
-0.838869 -0.506087 -0.200436
-0.780126 0.495923 -0.381397
-0.620632 0.311107 -0.719742
0.991737 -0.073532 0.105125
0.615403 -0.782347 0.095979
0.846379 -0.499022 -0.186064
-0.986961 -0.086121 0.135984
-0.612896 -0.782960 0.106452
-0.452083 -0.531981 -0.715973
0.453682 -0.546080 -0.704251
0.639231 0.312081 -0.702844
-0.986961 -0.086121 0.135984
0.770948 0.515391 -0.374180
0.846379 -0.499022 -0.186064
0.991737 -0.073532 0.105125
-0.838869 -0.506087 -0.200436
-0.404911 -0.396507 -0.823911
0.200102 -0.144511 -0.969059
0.631019 0.299737 -0.715523
-0.797615 -0.027929 -0.602519
-0.797615 -0.027929 -0.602519
-0.390711 0.482607 -0.783859
0.631019 0.299737 -0.715523
0.200102 -0.144511 -0.969059
-0.796588 -0.009343 0.604450
-0.408373 0.548033 0.729994
-0.901500 0.432622 0.011669
0.631018 0.299738 0.715523
0.550150 -0.169365 0.817711
-0.796588 -0.009343 0.604450
-0.536243 -0.468580 0.702052
-0.797615 -0.027929 -0.602519
-0.404911 -0.396507 -0.823911
-0.387658 0.252951 0.886418
-0.969645 0.217988 0.110767
0.585298 0.221677 0.779927
-0.387658 0.252951 0.886418
0.990901 0.094467 -0.095875
0.585298 0.221677 0.779927
-0.449512 0.447790 -0.666180
0.445460 0.467350 -0.665337
-0.973493 0.031069 0.031623
0.523299 0.159087 0.757478
0.972010 0.104044 -0.002921
0.445460 0.467350 -0.665337
-0.449512 0.447790 -0.666180
-0.459861 0.120176 0.798367
0.649406 0.065388 0.757625
0.523299 0.159087 0.757478
0.972010 0.104044 -0.002921
-0.520285 0.109926 0.846888
-0.459861 0.120176 0.798367
0.523299 0.159087 0.757478
0.649406 0.065388 0.757625
-0.998199 0.059880 0.003682
-0.973493 0.031069 0.031623
-0.459861 0.120176 0.798367
-0.520285 0.109926 0.846888
0.533873 0.000325 0.845565
-0.376701 0.012084 0.926256
-0.732628 -0.458042 0.503442
-0.503124 -0.612487 -0.609695
-0.571755 -0.009114 -0.820374
0.354231 -0.001395 -0.935157
0.701885 -0.482297 -0.524164
-0.571755 -0.009114 -0.820374
-0.503124 -0.612487 -0.609695
-0.732628 -0.458042 0.503442
-0.376701 0.012084 0.926256
-0.999978 -0.005580 -0.003579
0.486415 -0.606349 0.629080
0.618039 0.311108 -0.721970
0.778749 0.495923 -0.384200
0.838143 -0.506087 -0.203451
-0.847043 -0.499022 -0.183020
-0.615056 -0.782346 0.098191
-0.991353 -0.073531 0.108690
0.613275 -0.782960 0.104249
0.987443 -0.086121 0.132435
0.449506 -0.531980 -0.717594
-0.641752 0.312081 -0.700542
-0.456210 -0.546080 -0.702616
0.987443 -0.086121 0.132435
-0.847043 -0.499022 -0.183020
-0.772289 0.515391 -0.371406
-0.991353 -0.073531 0.108690
0.838143 -0.506087 -0.203451
-0.611364 -0.592959 0.524054
0.618039 0.311108 -0.721970
-0.641752 0.312081 -0.700542
-0.605163 0.300762 0.737103
-0.605163 0.300762 0.737103
-0.772289 0.515391 -0.371406
-0.991353 -0.073531 0.108690
0.717034 0.158694 0.678733
0.778749 0.495923 -0.384200
-0.772289 0.515391 -0.371406
0.987443 -0.086121 0.132435
0.778749 0.495923 -0.384200
0.717034 0.158694 0.678733
-0.605163 0.300762 0.737103
-0.611364 -0.592959 0.524054
0.607463 -0.579576 0.543213
0.798041 -0.009344 0.602530
0.537932 -0.468580 0.700758
0.798041 -0.009344 0.602530
-0.548180 -0.169365 0.819033
-0.629293 0.299739 0.717041
0.402926 -0.396508 -0.824883
0.796162 -0.027930 -0.604438
-0.632740 0.299738 -0.714001
-0.202436 -0.144511 -0.968574
0.402926 -0.396508 -0.824883
0.796162 -0.027930 -0.604438
0.796162 -0.027930 -0.604438
0.388823 0.482607 -0.784798
-0.202436 -0.144511 -0.968574
-0.632740 0.299738 -0.714001
0.901526 0.432622 0.009498
0.410130 0.548033 0.729008
-0.971951 0.104044 -0.002092
-0.522774 0.159087 0.757864
-0.649715 0.065388 0.757360
-0.649715 0.065388 0.757360
-0.522774 0.159087 0.757864
0.460494 0.120176 0.798128
0.519940 0.109926 0.847100
0.519940 0.109926 0.847100
0.460494 0.120176 0.798128
0.973578 0.031070 0.030770
0.998197 0.059880 0.004089
0.969600 0.217988 0.111162
0.387296 0.252951 0.886576
0.387296 0.252951 0.886576
-0.585617 0.221677 0.779688
-0.585617 0.221677 0.779688
-0.990862 0.094467 -0.096278
-0.971951 0.104044 -0.002092
-0.522774 0.159087 0.757864
0.460494 0.120176 0.798128
-0.446745 0.467351 -0.664482
0.973578 0.031070 0.030770
-0.446745 0.467351 -0.664482
0.448232 0.447791 -0.667071
0.448232 0.447791 -0.667071
173
0 0 2 1 0 2 1 1
0 3 5 4 3 5 4 1
0 6 8 7 6 8 7 1
0 6 9 8 6 9 8 1
0 10 12 11 10 12 11 1
0 10 13 12 10 13 12 1
0 14 16 15 14 16 15 1
0 17 19 18 17 19 18 1
0 20 22 21 20 22 21 1
0 16 14 19 16 14 19 1
0 23 25 24 23 25 24 1
0 26 28 27 26 28 27 1
0 29 24 25 29 24 25 1
0 30 32 31 30 32 31 1
0 30 33 32 30 33 32 1
0 34 36 35 34 36 35 1
0 34 37 36 34 37 36 1
0 38 40 39 38 40 39 1
0 38 41 40 38 41 40 1
0 42 33 30 42 33 30 1
0 42 43 33 42 43 33 1
0 44 46 45 44 46 45 1
0 44 47 46 44 47 46 1
0 19 17 16 19 17 16 1
0 22 20 0 22 20 0 1
0 20 2 0 20 2 0 1
0 48 3 49 48 3 49 1
0 3 48 5 3 48 5 1
0 50 52 51 50 52 51 1
0 50 53 52 50 53 52 1
0 54 25 55 54 25 55 1
0 54 29 25 54 29 25 1
0 56 58 57 56 58 57 1
0 59 27 28 59 27 28 1
0 60 27 59 60 27 59 1
0 56 57 61 56 57 61 1
0 62 59 63 62 59 63 1
0 62 60 59 62 60 59 1
0 63 28 64 63 28 64 1
0 63 59 28 63 59 28 1
0 65 31 66 65 31 66 1
0 65 30 31 65 30 31 1
0 67 37 34 67 37 34 1
0 67 68 37 67 68 37 1
0 69 39 70 69 39 70 1
0 69 38 39 69 38 39 1
0 71 30 65 71 30 65 1
0 71 42 30 71 42 30 1
0 72 45 73 72 45 73 1
0 72 44 45 72 44 45 1
0 74 51 75 74 51 75 1
0 74 50 51 74 50 51 1
0 76 61 77 76 61 77 1
0 76 56 61 76 56 61 1
0 60 78 27 60 78 27 1
0 91 80 79 91 80 79 1
0 81 83 82 81 83 82 1
0 81 84 83 81 84 83 1
0 85 87 86 85 87 86 1
0 85 88 87 85 88 87 1
0 89 91 90 89 91 90 1
0 91 89 80 91 89 80 1
0 151 96 150 151 96 150 1
0 97 151 98 97 151 98 1
0 154 96 99 154 96 99 1
0 100 147 101 100 147 101 1
0 100 148 147 100 148 147 1
0 149 103 102 149 103 102 1
0 98 151 152 98 151 152 1
0 102 153 149 102 153 149 1
0 96 154 150 96 154 150 1
0 99 149 154 99 149 154 1
0 104 106 105 104 106 105 1
0 104 107 106 104 107 106 1
0 108 110 109 108 110 109 1
0 111 113 112 111 113 112 1
0 114 104 115 114 104 115 1
0 110 108 116 110 108 116 1
0 117 110 116 117 110 116 1
0 117 118 110 117 118 110 1
0 109 119 108 109 119 108 1
0 118 121 120 118 121 120 1
0 121 122 120 121 122 120 1
0 123 114 115 123 114 115 1
0 121 118 117 121 118 117 1
0 92 111 112 92 111 112 1
0 101 93 100 101 93 100 1
0 101 94 93 101 94 93 1
0 114 107 104 114 107 104 1
0 95 111 92 95 111 92 1
0 97 96 151 97 96 151 1
0 149 99 103 149 99 103 1
0 132 134 133 132 134 133 1
0 135 137 136 135 137 136 1
0 135 138 137 135 138 137 1
0 138 139 137 138 139 137 1
0 138 140 139 138 140 139 1
0 124 126 125 124 126 125 1
0 124 125 127 124 125 127 1
0 134 132 128 134 132 128 1
0 134 128 129 134 128 129 1
0 136 130 135 136 130 135 1
0 136 131 130 136 131 130 1
0 155 157 156 155 157 156 1
0 158 160 159 158 160 159 1
0 158 161 160 158 161 160 1
0 162 164 163 162 164 163 1
0 162 165 164 162 165 164 1
0 165 142 141 165 142 141 1
0 165 162 142 165 162 142 1
0 161 144 143 161 144 143 1
0 161 158 144 161 158 144 1
0 145 155 146 145 155 146 1
0 145 157 155 145 157 155 1
0 175 177 176 175 177 176 1
0 178 167 166 178 167 166 1
0 168 167 178 168 167 178 1
0 169 171 170 169 171 170 1
0 172 171 169 172 171 169 1
0 177 174 173 177 174 173 1
0 174 177 175 174 177 175 1
0 199 245 246 199 245 246 1
0 245 201 200 245 201 200 1
0 199 247 202 199 247 202 1
0 248 203 252 248 203 252 1
0 248 204 203 248 204 203 1
0 205 249 206 205 249 206 1
0 245 200 250 245 200 250 1
0 251 206 249 251 206 249 1
0 247 199 246 247 199 246 1
0 249 202 247 249 202 247 1
0 207 209 208 207 209 208 1
0 207 210 209 207 210 209 1
0 179 181 180 179 181 180 1
0 182 184 183 182 184 183 1
0 210 186 185 210 186 185 1
0 181 179 187 181 179 187 1
0 188 187 179 188 187 179 1
0 188 189 187 188 189 187 1
0 190 180 181 190 180 181 1
0 191 188 192 191 188 192 1
0 193 191 192 193 191 192 1
0 186 194 185 186 194 185 1
0 188 191 189 188 191 189 1
0 184 195 183 184 195 183 1
0 196 204 197 196 204 197 1
0 196 203 204 196 203 204 1
0 207 186 210 207 186 210 1
0 184 198 195 184 198 195 1
0 199 201 245 199 201 245 1
0 202 249 205 202 249 205 1
0 226 211 227 226 211 227 1
0 212 214 213 212 214 213 1
0 212 215 214 212 215 214 1
0 216 213 217 216 213 217 1
0 216 212 213 216 212 213 1
0 218 220 219 218 220 219 1
0 219 220 221 219 220 221 1
0 211 226 222 211 226 222 1
0 222 226 223 222 226 223 1
0 224 215 225 224 215 225 1
0 224 214 215 224 214 215 1
0 228 230 229 228 230 229 1
0 231 233 232 231 233 232 1
0 231 234 233 231 234 233 1
0 235 237 236 235 237 236 1
0 235 238 237 235 238 237 1
0 238 240 239 238 240 239 1
0 238 235 240 238 235 240 1
0 234 242 241 234 242 241 1
0 234 231 242 234 231 242 1
0 230 244 243 230 244 243 1
0 228 244 230 228 244 230 1
"Mesh7" 0 7
147
0 -1.100000 1.958000 -0.957600 0.018610 0.052241 0
0 -0.959174 1.601500 -0.822933 0.053978 0.148199 0
0 -1.306234 1.555668 0.000018 0.245285 0.148199 0
0 -1.405667 1.908502 -0.007431 0.247696 0.052241 0
0 -1.405667 1.908502 -0.007431 0.039683 0.054464 0
0 -1.306234 1.555668 0.000018 0.037997 0.148191 0
0 -1.125098 1.553668 0.701767 0.253358 0.148191 0
0 -1.285608 1.963502 0.651443 0.233568 0.052232 0
0 1.285608 1.963502 0.651443 0.233568 0.052232 0
0 1.125098 1.553668 0.701767 0.253358 0.148191 0
0 1.306234 1.555668 0.000018 0.037997 0.148191 0
0 1.405667 1.908502 -0.007431 0.039683 0.054464 0
0 1.405667 1.908502 -0.007431 0.247696 0.052241 0
0 1.306234 1.555668 0.000018 0.245285 0.148199 0
0 0.959174 1.601500 -0.822933 0.053978 0.148199 0
0 1.100000 1.958000 -0.957600 0.018610 0.052241 0
0 -1.379838 3.173336 -0.542880 0.229911 0.055176 0
0 -1.348756 3.437336 -0.014880 0.040179 0.055176 0
0 -0.934218 3.538165 -0.182790 0.084821 0.149658 0
0 0.949759 3.508125 0.525560 0.111519 0.145867 0
0 1.379838 3.173336 0.601120 0.006609 0.056603 0
0 1.348756 3.437336 -0.014880 0.239235 0.054371 0
0 0.934218 3.538165 -0.175345 0.246533 0.145867 0
0 -0.934218 3.538165 -0.182790 0.246533 0.145867 0
0 -1.348756 3.437336 -0.014880 0.239235 0.054371 0
0 -1.379838 3.173336 0.601120 0.006609 0.056603 0
0 -0.949759 3.504147 0.525560 0.111519 0.145867 0
0 1.379838 3.173336 -0.542880 0.229911 0.055176 0
0 0.942429 3.286668 -0.593326 0.247768 0.145263 0
0 0.934218 3.538165 -0.175345 0.084821 0.149658 0
0 -0.894135 3.221334 1.027506 0.010258 0.141404 0
0 0.894135 3.221334 1.027506 0.010258 0.141404 0
0 1.348756 3.437336 -0.014880 0.040179 0.055176 0
0 -0.942429 3.286668 -0.593326 0.247768 0.145263 0
0 -0.519680 3.500000 -0.350700 0.729911 0.942871 0
0 -0.519680 3.697300 0.450000 0.991071 0.938385 0
0 0.000000 3.701267 0.800000 0.781250 0.953857 0
0 0.519680 3.705100 0.450000 0.968750 0.951660 0
0 -0.519680 3.697300 0.450000 0.968750 0.951660 0
0 0.519680 3.705100 0.450000 0.991071 0.938385 0
0 0.519680 3.500000 -0.335810 0.729911 0.942871 0
0 0.000000 3.400000 -0.643773 0.754464 0.956055 0
0 0.519680 3.500000 -0.335810 0.988839 0.936279 0
0 -0.519680 3.500000 -0.350700 0.988839 0.936279 0
0 0.341360 -1.583333 -0.732188 0.642893 0.868402 2
0 0.000000 -1.832000 -0.578530 0.546875 0.833759 2
0 0.000000 -1.457100 -0.894500 0.546875 0.904997 2
0 -0.341360 -1.583333 -0.732188 0.450857 0.868402 2
0 0.201360 -1.804332 0.155255 0.603514 0.668320 2
0 0.341360 -1.833333 1.042698 0.642893 0.468237 2
0 0.000000 -1.844000 0.764990 0.546875 0.530849 2
0 -0.341360 -1.833333 1.042698 0.450857 0.468237 2
0 -0.201360 -1.804332 0.155255 0.490236 0.668320 2
0 -0.258937 -2.183065 0.306768 0.162946 0.865966 3
0 -0.267783 -0.655649 0.422998 0.162946 0.349610 3
0 -0.490866 -0.656364 -0.049997 0.312500 0.349610 3
0 -0.267783 -0.655649 -0.522992 0.448661 0.349610 3
0 -0.258937 -2.183065 -0.366328 0.448661 0.865966 3
0 -0.145011 -0.855072 0.502971 0.527129 0.707442 5
0 -0.370067 -0.961994 0.502970 0.467886 0.735969 5
0 0.273503 0.006933 0.317259 0.637299 0.477463 5
0 0.473502 -0.642035 -0.395188 0.689947 0.650605 5
0 0.473502 -0.642034 -0.675864 0.689947 0.650605 5
0 0.273503 0.006933 -0.371477 0.637299 0.477463 5
0 -0.234320 0.009368 -0.371478 0.503620 0.476814 5
0 0.136178 -0.748419 -0.675864 0.601150 0.678987 5
0 -0.034924 0.226132 0.000007 0.556109 0.418982 5
0 -0.318957 0.009774 -0.002109 0.481340 0.476704 5
0 -0.370067 -0.961994 -0.507459 0.467886 0.735969 5
0 -0.145011 -0.855072 -0.507459 0.527130 0.707442 5
0 -0.234320 0.009368 0.317259 0.503620 0.476814 5
0 0.136178 -0.748418 -0.395189 0.601150 0.678987 5
0 -0.659467 -0.340665 -0.028000 0.129003 0.330282 6
0 0.635465 -0.340665 -0.028000 0.496842 0.330282 6
0 0.475771 -3.774001 -0.010449 0.486607 0.945068 6
0 0.229600 -3.774001 -0.628680 0.379464 0.945068 6
0 0.263889 -1.145331 -0.681318 0.377182 0.484534 6
0 -0.242947 -3.774001 -0.628680 0.245536 0.942871 6
0 -0.458657 -1.145331 -0.681318 0.202038 0.484534 6
0 -0.469322 -3.774001 -0.010449 0.131696 0.942871 6
0 -0.845966 -1.145331 0.080929 0.076026 0.484534 6
0 -0.307735 -0.340665 -0.637220 0.238621 0.330282 6
0 0.283731 -0.340665 -0.637220 0.381992 0.330282 6
0 -0.594943 -4.076670 -0.044000 0.782381 0.552922 7
0 -0.279471 -4.076670 0.502413 0.821413 0.552922 7
0 -0.423285 -1.893334 0.834509 0.803619 0.227302 7
0 -0.881170 -1.893334 -0.044000 0.746967 0.227302 7
0 -0.279471 -4.076670 -0.590413 0.821413 0.552922 7
0 -0.423285 -1.893334 -0.922509 0.803619 0.227302 7
0 0.239472 -4.076670 -0.590413 0.885619 0.552922 7
0 0.383286 -1.893334 -0.922509 0.903412 0.227302 7
0 0.239472 -4.076670 0.502413 0.885619 0.552922 7
0 0.554944 -4.076670 -0.044000 0.924651 0.552922 7
0 0.841171 -1.893334 -0.044000 0.960064 0.227302 7
0 0.383286 -1.893334 0.834509 0.903412 0.227302 7
0 -0.420064 1.556000 0.170547 0.953125 0.567139 9
0 0.001790 1.556000 -0.493130 0.746887 0.543515 9
0 0.440352 1.556000 -0.243130 0.930804 0.558349 9
0 0.436064 1.556000 0.170547 0.984375 0.589111 9
0 0.001790 1.556000 0.491418 0.812500 0.571533 9
0 -0.424351 1.556000 -0.243130 0.930804 0.558349 9
0 -0.424351 1.556000 -0.243130 0.741071 0.545166 9
0 0.436064 1.556000 0.170547 0.953125 0.567139 9
0 -0.420064 1.556000 0.170547 0.984375 0.589111 9
0 0.440352 1.556000 -0.243130 0.741071 0.545166 9
0 0.266262 -0.655656 0.423960 0.162946 0.349610 10
0 0.257834 -2.183077 0.307698 0.162946 0.865966 10
0 0.260254 -2.183077 -0.365394 0.448661 0.865966 10
0 0.269663 -0.655656 -0.522025 0.448661 0.349610 10
0 0.491043 -0.656371 -0.048230 0.312500 0.349610 10
0 0.318951 0.009775 -0.002877 0.481340 0.476704 12
0 0.034924 0.226133 -0.000077 0.556109 0.418982 12
0 0.143788 -0.855071 -0.507806 0.527130 0.707442 12
0 0.368843 -0.961992 -0.508348 0.467886 0.735969 12
0 0.235083 0.009369 0.316693 0.503620 0.476814 12
0 -0.137130 -0.748416 -0.394860 0.601150 0.678987 12
0 0.371276 -0.961992 0.502077 0.467886 0.735969 12
0 0.146222 -0.855071 0.502620 0.527129 0.707442 12
0 -0.475128 -0.642033 -0.674722 0.689947 0.650605 12
0 -0.474452 -0.642033 -0.394047 0.689947 0.650605 12
0 -0.272738 0.006934 0.317916 0.637299 0.477463 12
0 -0.274397 0.006934 -0.370817 0.637299 0.477463 12
0 -0.137805 -0.748418 -0.675534 0.601150 0.678987 12
0 0.233425 0.009369 -0.372041 0.503620 0.476814 12
0 -0.263612 -1.145331 -0.681426 0.377182 0.484534 13
0 -0.229344 -3.774001 -0.628773 0.379464 0.945068 13
0 -0.475766 -3.774001 -0.010643 0.486607 0.945068 13
0 0.458934 -1.145331 -0.681131 0.202038 0.484534 13
0 0.243203 -3.774001 -0.628580 0.245536 0.942871 13
0 0.845933 -1.145331 0.081273 0.076026 0.484534 13
0 0.469326 -3.774001 -0.010258 0.131696 0.942871 13
0 -0.283472 -0.340665 -0.637335 0.381992 0.330282 13
0 0.307994 -0.340665 -0.637095 0.238621 0.330282 13
0 0.659478 -0.340665 -0.027732 0.129003 0.330282 13
0 -0.635453 -0.340665 -0.028259 0.496842 0.330282 13
0 0.280260 -4.076670 0.501974 0.821413 0.552922 14
0 0.594873 -4.076670 -0.044934 0.782381 0.552922 14
0 0.421836 -1.893334 -0.923172 0.803619 0.227302 14
0 0.278544 -4.076670 -0.590851 0.821413 0.552922 14
0 -0.384734 -1.893334 -0.921906 0.903412 0.227302 14
0 -0.240399 -4.076670 -0.590037 0.885619 0.552922 14
0 -0.381975 -1.893334 0.835110 0.903412 0.227302 14
0 -0.841239 -1.893334 -0.042679 0.960064 0.227302 14
0 -0.555012 -4.076670 -0.043128 0.924651 0.552922 14
0 -0.238683 -4.076670 0.502788 0.885619 0.552922 14
0 0.881100 -1.893334 -0.045383 0.746967 0.227302 14
0 0.424595 -1.893334 0.833843 0.803619 0.227302 14
147
-0.716746 -0.239459 -0.654931
-0.646933 -0.297450 -0.702140
-0.953887 -0.296400 -0.047408
-0.932599 -0.356013 -0.059276
-0.932599 -0.356013 -0.059276
-0.953887 -0.296400 -0.047408
-0.768656 -0.245531 0.590663
-0.818124 -0.336737 0.466134
0.818124 -0.336737 0.466134
0.768656 -0.245531 0.590663
0.953887 -0.296400 -0.047408
0.932599 -0.356013 -0.059276
0.932599 -0.356013 -0.059276
0.953887 -0.296400 -0.047408
0.646933 -0.297450 -0.702140
0.716746 -0.239459 -0.654931
-0.407550 0.460690 -0.735699
-0.593039 0.641788 -0.140861
-0.277549 0.927407 -0.250763
0.409091 0.860247 0.304334
0.634025 0.329375 0.654351
0.592678 0.641744 -0.142648
0.276716 0.927240 -0.252298
-0.277549 0.927407 -0.250763
-0.593039 0.641788 -0.140861
-0.632710 0.330674 0.654671
-0.403515 0.863046 0.303854
0.406183 0.462189 -0.735105
0.178416 0.738841 -0.649832
0.276716 0.927240 -0.252298
-0.336855 0.573958 0.746392
0.337932 0.570929 0.748226
0.592678 0.641744 -0.142648
-0.181417 0.733579 -0.654942
-0.480562 0.499774 -0.497993
-0.537709 0.537883 0.462480
-0.002678 0.430279 0.873731
0.537083 0.539491 0.464214
-0.537709 0.537883 0.462480
0.537083 0.539491 0.464214
0.520514 0.492734 -0.409515
0.049027 0.761954 -0.454310
0.520514 0.492734 -0.409515
-0.480562 0.499774 -0.497993
-0.024905 -0.299590 -0.756954
0.000000 -0.916328 -0.400429
0.000000 -0.358600 -0.933491
0.024567 -0.299590 -0.757353
-0.411489 -0.398781 -0.010950
-0.247981 -0.336541 0.830538
0.000000 -0.942272 0.334849
0.248407 -0.336541 0.830236
0.411510 -0.398781 -0.011721
-0.488672 -0.606349 0.627328
-0.536910 0.000325 0.843640
-0.999996 -0.002890 0.000035
-0.350866 -0.001395 -0.936424
-0.699995 -0.482297 -0.526684
0.550150 -0.169365 0.817711
-0.796588 -0.009343 0.604450
0.787776 0.298171 0.538983
0.781200 -0.144004 0.607445
0.666566 0.316965 -0.674702
0.484608 0.753901 -0.443610
-0.390711 0.482607 -0.783859
-0.392565 -0.261200 -0.881854
-0.148242 0.988753 0.019818
-0.901500 0.432622 0.011669
-0.797615 -0.027929 -0.602519
0.200102 -0.144511 -0.969059
-0.408373 0.548033 0.729994
0.167499 -0.756402 0.632298
-0.969645 0.217988 0.110767
0.990901 0.094467 -0.095875
0.972010 0.104044 -0.002921
0.445460 0.467350 -0.665337
0.628795 -0.005272 -0.777554
-0.449512 0.447790 -0.666180
-0.526296 0.029153 -0.849801
-0.973493 0.031069 0.031623
-0.998199 0.059880 0.003682
-0.590882 0.169671 -0.788715
0.394557 0.133591 -0.909109
-0.976639 0.028872 -0.092655
-0.573940 0.019116 0.794614
-0.406871 -0.043463 0.912451
-0.996606 -0.003137 0.082263
-0.413456 0.019117 -0.887269
-0.626978 -0.033925 -0.778298
0.573940 0.019115 -0.794615
0.404249 -0.088027 -0.910403
0.413456 0.019115 0.887269
0.976639 0.028871 0.092656
0.999898 0.010864 0.009319
0.513880 -0.078843 0.854231
-0.949829 0.135788 0.281755
-0.177392 0.175668 -0.968335
0.746812 0.143988 -0.649261
0.948655 0.137224 0.284998
-0.004215 0.244598 0.969615
-0.863734 0.137043 -0.484956
-0.863734 0.137043 -0.484956
0.948655 0.137224 0.284998
-0.949829 0.135788 0.281755
0.746812 0.143988 -0.649261
0.533873 0.000325 0.845565
0.486415 -0.606349 0.629080
0.701885 -0.482297 -0.524164
0.354231 -0.001395 -0.935157
0.999989 -0.002890 0.003631
0.901526 0.432622 0.009498
0.148290 0.988752 0.019462
-0.202436 -0.144511 -0.968574
0.796162 -0.027930 -0.604438
0.410130 0.548033 0.729008
-0.165978 -0.756401 0.632700
0.798041 -0.009344 0.602530
-0.548180 -0.169365 0.819033
-0.668188 0.316965 -0.673096
-0.779735 -0.144004 0.609324
-0.786476 0.298171 0.540879
-0.485674 0.753901 -0.442442
0.390441 -0.261201 -0.882797
0.388823 0.482607 -0.784798
-0.628478 -0.005272 -0.777809
-0.446745 0.467351 -0.664482
-0.971951 0.104044 -0.002092
0.526642 0.029153 -0.849587
0.448232 0.447791 -0.667071
0.998197 0.059880 0.004089
0.973578 0.031070 0.030770
-0.394187 0.133591 -0.909269
0.591203 0.169671 -0.788474
0.969600 0.217988 0.111162
-0.990862 0.094467 -0.096278
0.574454 0.019116 0.794348
0.976676 0.028872 -0.093236
0.625755 -0.033925 -0.779282
0.412979 0.019117 -0.887601
-0.405678 -0.088027 -0.909767
-0.574455 0.019115 -0.794347
-0.512538 -0.078843 0.855037
-0.999882 0.010864 0.010889
-0.976676 0.028871 0.093237
-0.412979 0.019115 0.887601
0.996733 -0.003137 0.080698
0.408303 -0.043463 0.911811
124
0 0 2 1 0 2 1 1
0 0 3 2 0 3 2 1
0 4 6 5 4 6 5 1
0 4 7 6 4 7 6 1
0 8 10 9 8 10 9 1
0 8 11 10 8 11 10 1
0 12 14 13 12 14 13 1
0 12 15 14 12 15 14 1
0 16 18 17 16 18 17 1
0 19 21 20 19 21 20 1
0 19 22 21 19 22 21 1
0 23 25 24 23 25 24 1
0 23 26 25 23 26 25 1
0 27 29 28 27 29 28 1
0 26 30 25 26 30 25 1
0 31 19 20 31 19 20 1
0 29 27 32 29 27 32 1
0 18 16 33 18 16 33 1
0 44 46 45 44 46 45 1
0 46 47 45 46 47 45 1
0 45 48 44 45 48 44 1
0 48 50 49 48 50 49 1
0 50 52 51 50 52 51 1
0 52 45 47 52 45 47 1
0 48 52 50 48 52 50 1
0 52 48 45 52 48 45 1
0 55 57 56 55 57 56 1
0 53 55 54 53 55 54 1
0 55 53 57 55 53 57 1
0 60 62 61 60 62 61 1
0 60 63 62 60 63 62 1
0 64 65 62 64 65 62 1
0 66 67 64 66 67 64 1
0 68 69 64 68 69 64 1
0 66 63 60 66 63 60 1
0 66 60 70 66 60 70 1
0 66 64 63 66 64 63 1
0 71 60 61 71 60 61 1
0 67 66 70 67 66 70 1
0 64 69 65 64 69 65 1
0 58 59 70 58 59 70 1
0 64 62 63 64 62 63 1
0 71 58 60 71 58 60 1
0 58 70 60 58 70 60 1
0 58 65 69 58 65 69 1
0 58 71 65 58 71 65 1
0 74 76 75 74 76 75 1
0 76 77 75 76 77 75 1
0 76 78 77 76 78 77 1
0 78 79 77 78 79 77 1
0 78 80 79 78 80 79 1
0 78 82 81 78 82 81 1
0 78 76 82 78 76 82 1
0 80 81 72 80 81 72 1
0 80 78 81 80 78 81 1
0 76 73 82 76 73 82 1
0 74 73 76 74 73 76 1
0 91 93 92 91 93 92 1
0 91 94 93 91 94 93 1
0 83 85 84 83 85 84 1
0 83 86 85 83 86 85 1
0 87 86 83 87 86 83 1
0 87 88 86 87 88 86 1
0 94 84 85 94 84 85 1
0 94 91 84 94 91 84 1
0 89 88 87 89 88 87 1
0 89 90 88 89 90 88 1
0 92 90 89 92 90 89 1
0 92 93 90 92 93 90 1
0 103 35 34 103 35 34 1
0 99 37 36 99 37 36 1
0 38 99 36 38 99 36 1
0 38 95 99 38 95 99 1
0 98 40 39 98 40 39 1
0 40 98 104 40 98 104 1
0 41 97 96 41 97 96 1
0 41 42 97 41 42 97 1
0 96 43 41 96 43 41 1
0 96 100 43 96 100 43 1
0 103 34 101 103 34 101 1
0 37 99 102 37 99 102 1
0 107 109 108 107 109 108 1
0 109 106 105 109 106 105 1
0 106 109 107 106 109 107 1
0 118 120 119 118 120 119 1
0 121 120 118 121 120 118 1
0 122 123 118 122 123 118 1
0 110 111 123 110 111 123 1
0 112 113 123 112 113 123 1
0 121 111 120 121 111 120 1
0 120 111 114 120 111 114 1
0 123 111 121 123 111 121 1
0 120 115 119 120 115 119 1
0 111 110 114 111 110 114 1
0 112 123 122 112 123 122 1
0 116 117 114 116 117 114 1
0 118 123 121 118 123 121 1
0 117 115 120 117 115 120 1
0 114 117 120 114 117 120 1
0 115 112 122 115 112 122 1
0 115 117 112 115 117 112 1
0 124 126 125 124 126 125 1
0 127 125 128 127 125 128 1
0 127 124 125 127 124 125 1
0 129 128 130 129 128 130 1
0 129 127 128 129 127 128 1
0 124 132 131 124 132 131 1
0 124 127 132 124 127 132 1
0 127 133 132 127 133 132 1
0 127 129 133 127 129 133 1
0 134 124 131 134 124 131 1
0 134 126 124 134 126 124 1
0 141 143 142 141 143 142 1
0 141 144 143 141 144 143 1
0 145 135 146 145 135 146 1
0 145 136 135 145 136 135 1
0 137 136 145 137 136 145 1
0 137 138 136 137 138 136 1
0 144 146 135 144 146 135 1
0 144 141 146 144 141 146 1
0 139 138 137 139 138 137 1
0 139 140 138 139 140 138 1
0 142 140 139 142 140 139 1
0 142 143 140 142 143 140 1
"Mesh8" 0 8
24
0 -0.959174 1.601500 -0.822933 0.622768 0.681396 0
0 -1.100000 1.958000 -0.957600 0.863839 0.707764 0
0 -0.400138 2.082963 -1.184404 0.861607 0.167236 0
0 -0.233478 1.634493 -1.043818 0.618304 0.151856 0
0 0.233478 1.634493 -1.043818 0.618304 0.151856 0
0 0.400138 2.082963 -1.184404 0.861607 0.167236 0
0 1.100000 1.958000 -0.957600 0.863839 0.707764 0
0 0.959174 1.601500 -0.822933 0.622768 0.681396 0
0 0.580472 2.778205 -1.043521 0.613839 0.523193 0
0 0.942429 3.286668 -0.593326 0.616071 0.149658 0
0 1.379838 3.173336 -0.542880 0.868304 0.149658 0
0 0.927780 2.602446 -1.013641 0.875000 0.523193 0
0 -0.580472 2.778205 -1.043521 0.613839 0.523193 0
0 0.000000 2.354875 -1.193716 0.611607 0.923096 0
0 -0.400138 2.082963 -1.184404 0.870536 0.920899 0
0 -0.927780 2.602446 -1.013642 0.875000 0.523193 0
0 -1.379838 3.173336 -0.542880 0.868304 0.149658 0
0 -0.942429 3.286668 -0.593326 0.616071 0.149658 0
0 0.400138 2.082963 -1.184404 0.870536 0.920899 0
0 0.000000 2.354875 -1.193716 0.611607 0.923096 0
0 -0.208675 0.769703 -0.959624 0.622768 0.940674 0
0 -0.233478 1.634493 -1.043818 0.618304 0.149658 0
0 0.233478 1.634493 -1.043818 0.870536 0.151856 0
0 0.208675 0.769703 -0.959624 0.861607 0.940674 0
24
-0.646933 -0.297450 -0.702140
-0.716746 -0.239459 -0.654931
-0.487508 0.018415 -0.872924
-0.313894 -0.464117 -0.828291
0.312551 -0.463869 -0.828938
0.485269 0.017681 -0.874186
0.716746 -0.239459 -0.654931
0.646933 -0.297450 -0.702140
0.125799 0.455550 -0.881277
0.178416 0.738841 -0.649832
0.406183 0.462189 -0.735105
0.433841 0.177727 -0.883286
-0.125799 0.455550 -0.881277
-0.000235 0.462640 -0.886546
-0.487508 0.018415 -0.872924
-0.433841 0.177727 -0.883286
-0.407550 0.460690 -0.735699
-0.181417 0.733579 -0.654942
0.485269 0.017681 -0.874186
-0.000235 0.462640 -0.886546
-0.396730 0.249951 -0.883250
-0.313894 -0.464117 -0.828291
0.312551 -0.463869 -0.828938
0.396728 0.249948 -0.883251
14
0 0 2 1 0 2 1 1
0 0 3 2 0 3 2 1
0 4 6 5 4 6 5 1
0 4 7 6 4 7 6 1
0 8 10 9 8 10 9 1
0 8 11 10 8 11 10 1
0 12 14 13 12 14 13 1
0 12 15 14 12 15 14 1
0 15 17 16 15 17 16 1
0 15 12 17 15 12 17 1
0 11 19 18 11 19 18 1
0 11 8 19 11 8 19 1
0 20 22 21 20 22 21 1
0 20 23 22 20 23 22 1
"Mesh9" 0 9
61
0 -0.329466 0.439547 -0.911361 0.386161 0.411133 0
0 0.000000 0.223636 -0.911361 0.517857 0.411133 0
0 0.329466 0.439547 -0.911361 0.386161 0.411133 0
0 0.000000 -0.604760 -0.893436 0.352679 0.478825 2
0 0.000000 0.000000 -0.873718 0.354911 0.233154 2
0 0.832619 0.000000 -0.688956 0.051339 0.235351 2
0 -0.832618 0.000000 -0.688956 0.051339 0.235351 2
0 0.950000 -0.600000 -0.804000 0.011161 0.488300 2
0 1.049441 -1.233333 -0.732188 0.011161 0.763096 2
0 -1.049441 -1.233333 -0.732188 0.011161 0.763096 2
0 -0.950000 -0.600000 -0.804000 0.011161 0.488300 2
0 0.341360 -1.583333 -0.732188 0.245536 0.926552 2
0 0.000000 -1.457100 -0.894500 0.350446 0.876805 2
0 -0.341360 -1.583333 -0.732188 0.245536 0.926552 2
0 0.000000 0.000000 -0.873718 0.578125 0.336426 2
0 -0.832618 0.000000 -0.688956 0.386725 0.139333 2
0 0.832619 0.000000 -0.688956 0.386850 0.139547 2
0 -0.258937 -2.183065 0.306768 0.185786 0.084675 3
0 -0.258937 -2.183065 -0.366328 0.185786 0.314497 3
0 0.279322 -2.181341 -0.366328 0.408911 0.314497 3
0 0.279324 -2.181341 0.306768 0.408912 0.084675 3
0 -0.254498 -0.654177 -0.407565 0.914747 0.420913 8
0 0.649956 -0.653088 0.114622 0.914990 0.263450 8
0 0.348472 -0.653451 0.636808 0.914990 0.081576 8
0 0.466258 -1.503309 0.492639 0.641381 0.131789 8
0 0.466257 -1.503309 -0.263396 0.641381 0.395112 8
0 -0.254498 -0.654177 0.636808 0.914747 0.088841 8
0 0.348471 -0.653451 -0.407565 0.914990 0.445325 8
0 0.348472 -0.653451 0.636808 0.912187 0.369619 8
0 -0.254498 -0.654177 -0.407565 0.918429 0.137618 8
0 0.348471 -0.653451 -0.407565 0.916579 0.374561 8
0 0.466257 -1.503309 -0.263396 0.642040 0.413247 8
0 -0.320239 -1.504256 -0.263396 0.644452 0.104184 8
0 -0.555982 -0.654540 0.114622 0.914747 0.254877 8
0 -0.320239 -1.504256 -0.263396 0.640903 0.375073 8
0 -0.320239 -1.504256 0.492639 0.640903 0.134681 8
0 -0.254498 -0.654177 0.636808 0.912187 0.136587 8
0 -0.320239 -1.504256 0.492639 0.642857 0.103516 8
0 0.466258 -1.503309 0.492639 0.642857 0.417724 8
0 -0.278002 -2.181353 -0.367329 0.408911 0.314497 10
0 0.260254 -2.183077 -0.365394 0.185786 0.314497 10
0 0.257834 -2.183077 0.307698 0.185786 0.084675 10
0 -0.280425 -2.181354 0.305763 0.408912 0.084675 10
0 -0.466675 -1.503310 -0.262653 0.642040 0.413247 15
0 -0.349119 -0.653452 -0.407010 0.916579 0.374561 15
0 0.253849 -0.654178 -0.407970 0.918429 0.137618 15
0 0.319820 -1.504257 -0.263906 0.644452 0.104184 15
0 0.321024 -1.504257 0.492128 0.640903 0.134681 15
0 0.319820 -1.504257 -0.263906 0.640903 0.375073 15
0 0.556165 -0.654541 0.113736 0.914747 0.254877 15
0 -0.465472 -1.503309 0.493381 0.642857 0.417724 15
0 0.321024 -1.504257 0.492128 0.642857 0.103516 15
0 0.255513 -0.654178 0.636401 0.912187 0.136587 15
0 0.253849 -0.654178 -0.407970 0.914747 0.420913 15
0 -0.465472 -1.503309 0.493381 0.641381 0.131789 15
0 -0.347456 -0.653452 0.637362 0.914990 0.081576 15
0 -0.649772 -0.653090 0.115657 0.914990 0.263450 15
0 -0.466675 -1.503310 -0.262653 0.641381 0.395112 15
0 0.255513 -0.654178 0.636401 0.914747 0.088841 15
0 -0.349119 -0.653452 -0.407010 0.914990 0.445325 15
0 -0.347456 -0.653452 0.637362 0.912187 0.369619 15
61
-0.572630 -0.202608 -0.794383
-0.000001 -0.685952 -0.727647
0.572624 -0.202608 -0.794388
0.000000 0.000226 -1.000000
0.000000 -0.099451 -0.986153
0.553065 0.028640 -0.812556
-0.553065 0.028639 -0.812556
0.524424 0.123198 -0.842498
0.489668 -0.054588 -0.863226
-0.490156 -0.054588 -0.863036
-0.524423 0.123198 -0.842498
-0.024905 -0.299590 -0.756954
0.000000 -0.358600 -0.933491
0.024567 -0.299590 -0.757353
0.000000 -0.099451 -0.986153
-0.553065 0.028639 -0.812556
0.553065 0.028640 -0.812556
-0.488672 -0.606349 0.627328
-0.699995 -0.482297 -0.526684
0.505313 -0.612487 -0.607881
0.730813 -0.458042 0.506073
-0.509312 -0.035747 -0.859839
0.984632 -0.130260 -0.116325
0.482538 -0.150928 0.862773
0.617885 -0.025260 0.785863
0.702924 -0.054053 -0.709208
-0.397935 -0.107399 0.911106
0.396986 -0.058243 -0.915975
0.482538 -0.150928 0.862773
-0.509312 -0.035747 -0.859839
0.396986 -0.058243 -0.915975
0.702924 -0.054053 -0.709208
-0.713305 -0.019594 -0.700580
-0.997131 -0.012567 0.074645
-0.713305 -0.019594 -0.700580
-0.811307 -0.038361 0.583360
-0.397935 -0.107399 0.911106
-0.811307 -0.038361 0.583360
0.617885 -0.025260 0.785863
-0.503124 -0.612487 -0.609695
0.701885 -0.482297 -0.524164
0.486415 -0.606349 0.629080
-0.732628 -0.458042 0.503442
-0.704052 -0.054053 -0.708088
-0.398445 -0.058243 -0.915341
0.507941 -0.035747 -0.860650
0.712188 -0.019594 -0.701715
0.812235 -0.038361 0.582067
0.712188 -0.019594 -0.701715
0.997249 -0.012567 0.073056
-0.616632 -0.025259 0.786846
0.812235 -0.038361 0.582067
0.399386 -0.107399 0.910470
0.507941 -0.035747 -0.860650
-0.616632 -0.025259 0.786846
-0.481163 -0.150928 0.863541
-0.984816 -0.130260 -0.114757
-0.704052 -0.054053 -0.708088
0.399386 -0.107399 0.910470
-0.398445 -0.058243 -0.915341
-0.481163 -0.150928 0.863541
38
0 0 14 1 0 14 1 1
0 0 15 14 0 15 14 1
0 16 1 14 16 1 14 1
0 16 2 1 16 2 1 1
0 3 5 4 3 5 4 1
0 6 3 4 6 3 4 1
0 5 3 7 5 3 7 1
0 3 8 7 3 8 7 1
0 9 3 10 9 3 10 1
0 3 6 10 3 6 10 1
0 11 3 12 11 3 12 1
0 3 13 12 3 13 12 1
0 3 9 13 3 9 13 1
0 8 3 11 8 3 11 1
0 17 19 18 17 19 18 1
0 19 17 20 19 17 20 1
0 29 31 30 29 31 30 1
0 29 32 31 29 32 31 1
0 33 35 34 33 35 34 1
0 36 38 37 36 38 37 1
0 33 34 21 33 34 21 1
0 22 24 23 22 24 23 1
0 22 25 24 22 25 24 1
0 35 33 26 35 33 26 1
0 25 22 27 25 22 27 1
0 38 36 28 38 36 28 1
0 39 41 40 39 41 40 1
0 41 39 42 41 39 42 1
0 43 45 44 43 45 44 1
0 46 45 43 46 45 43 1
0 47 49 48 47 49 48 1
0 50 52 51 50 52 51 1
0 48 49 53 48 49 53 1
0 54 56 55 54 56 55 1
0 57 56 54 57 56 54 1
0 49 47 58 49 47 58 1
0 56 57 59 56 57 59 1
0 52 50 60 52 50 60 1
"Mesh10" 0 10
263
0 0.000000 3.701267 0.800000 0.161081 0.315796 0
0 0.000000 3.269332 1.153891 0.161081 0.404303 0
0 0.519680 3.705100 0.450000 0.238045 0.315018 0
0 -0.519680 3.697300 0.450000 0.082589 0.314453 0
0 0.372829 1.585999 1.126207 0.268834 0.759514 0
0 -0.372829 1.585999 1.126207 0.146068 0.759514 0
0 -0.804077 0.750000 0.802413 0.075066 0.971212 0
0 0.804077 0.750000 0.802413 0.339836 0.971212 0
0 0.894135 3.221334 1.027506 0.294643 0.413330 0
0 -0.934218 3.538165 -0.182790 0.609375 0.488037 0
0 -0.949759 3.504147 0.525560 0.609375 0.233154 0
0 -0.519680 3.697300 0.450000 0.462054 0.252929 0
0 -0.894135 3.221334 1.027506 0.033482 0.413330 0
0 -0.398772 2.610667 1.308752 0.029018 0.536377 0
0 -1.306234 1.555668 0.000018 0.069196 0.764893 0
0 -1.107368 0.750000 0.014915 0.075980 0.969928 0
0 -0.804077 0.750000 0.802413 0.309420 0.969928 0
0 -1.125098 1.553668 0.701767 0.292411 0.764893 0
0 1.285608 1.963502 0.651443 0.397321 0.650634 0
0 1.446119 2.557336 0.601120 0.493530 0.394877 0
0 1.135515 2.278668 1.025560 0.507826 0.491365 0
0 0.927780 2.602446 -1.013641 0.602679 0.501221 0
0 1.379838 3.173336 -0.542880 0.602679 0.321045 0
0 1.446119 2.557336 -0.542880 0.968750 0.474854 0
0 1.125098 1.553668 0.701767 0.292411 0.764893 0
0 0.804077 0.750000 0.802413 0.309420 0.969928 0
0 1.107368 0.750000 0.014915 0.075980 0.969928 0
0 1.306234 1.555668 0.000018 0.069196 0.764893 0
0 1.379838 3.173336 0.601120 0.593750 0.312256 0
0 1.505100 2.161336 -0.014880 0.977679 0.584717 0
0 1.100000 1.958000 -0.957600 0.921875 0.661621 0
0 -1.125098 1.553668 0.701767 0.017648 0.761128 0
0 -1.100000 1.958000 -0.957600 0.921875 0.661621 0
0 -1.505100 2.161336 -0.014880 0.977679 0.584717 0
0 -1.446119 2.557336 -0.542880 0.968750 0.474854 0
0 -0.282783 3.255333 -0.730550 0.296875 0.450683 0
0 -0.206989 2.971084 -0.949337 0.325893 0.527588 0
0 -0.580472 2.778205 -1.043521 0.600446 0.635254 0
0 0.206989 2.971085 -0.949337 0.325893 0.527588 0
0 0.580472 2.778205 -1.043521 0.600446 0.635254 0
0 0.000000 2.354875 -1.193716 0.296875 0.635254 0
0 -1.405667 1.908502 -0.007431 0.979911 0.661621 0
0 1.405667 1.908502 -0.007431 0.979911 0.661621 0
0 -1.107368 0.750000 0.014915 0.921875 0.960449 0
0 -1.306234 1.555668 0.000018 0.921875 0.736328 0
0 -0.959174 1.601500 -0.822933 0.805804 0.736328 0
0 -0.853554 0.729625 -0.721933 0.805804 0.958252 0
0 -1.285608 1.963502 0.651443 0.924107 0.668212 0
0 -1.446119 2.557336 0.601120 0.904018 0.474854 0
0 -1.505100 2.161336 -0.014880 0.669644 0.594963 0
0 -1.135516 2.278668 1.025560 0.510835 0.490743 0
0 -1.446119 2.557336 0.601120 0.493571 0.396712 0
0 -1.285608 1.963502 0.651443 0.397321 0.650634 0
0 1.125098 1.553668 0.701767 0.393903 0.759033 0
0 1.285608 1.963502 0.651443 0.924107 0.668212 0
0 1.405667 1.908502 -0.007431 0.671875 0.661621 0
0 1.505100 2.161336 -0.014880 0.669644 0.594963 0
0 0.853554 0.729625 -0.721933 0.805804 0.958252 0
0 0.959174 1.601500 -0.822933 0.805804 0.736328 0
0 1.306234 1.555668 0.000018 0.921875 0.736328 0
0 1.107368 0.750000 0.014915 0.921875 0.960449 0
0 -1.379838 3.173336 -0.542880 0.602679 0.321045 0
0 -0.927780 2.602446 -1.013642 0.602679 0.501221 0
0 -0.519680 3.500000 -0.350700 0.493304 0.349610 0
0 0.000000 3.400000 -0.643773 0.297057 0.364728 0
0 0.934218 3.538165 -0.175345 0.609375 0.488037 0
0 0.519680 3.500000 -0.335810 0.401786 0.444092 0
0 0.519680 3.705100 0.450000 0.462054 0.252929 0
0 0.400138 2.082963 -1.184404 0.601677 0.661928 0
0 -0.511741 2.036000 1.250000 0.593750 0.650634 0
0 -0.890043 2.586668 1.225560 0.593750 0.488037 0
0 0.398772 2.610667 1.308752 0.296875 0.536377 0
0 0.000000 2.040000 1.289999 0.162946 0.657227 0
0 -1.379838 3.173336 0.601120 0.593750 0.312256 0
0 0.890043 2.586668 1.225560 0.593750 0.488037 0
0 0.511741 2.036000 1.250000 0.593750 0.650634 0
0 -0.949759 3.504147 0.525560 0.035714 0.329834 0
0 0.949759 3.508125 0.525560 0.290179 0.327636 0
0 -0.400138 2.082963 -1.184404 0.601448 0.661928 0
0 0.942429 3.286668 -0.593326 0.609954 0.649157 0
0 -0.942429 3.286668 -0.593326 0.608796 0.649157 0
0 -0.519680 3.500000 -0.350700 0.401786 0.444092 0
0 0.519680 3.500000 -0.335810 0.493304 0.349610 0
0 0.942429 3.286668 -0.593326 0.599980 0.448204 0
0 0.282783 3.255333 -0.730550 0.296875 0.450683 0
0 -1.405667 1.908502 -0.007431 0.671875 0.661621 0
0 1.446119 2.557336 0.601120 0.904018 0.474854 0
0 0.208675 0.769703 -0.959624 0.625000 0.956055 0
0 0.233478 1.634493 -1.043818 0.624437 0.734935 0
0 -0.233478 1.634493 -1.043818 0.622768 0.736328 0
0 -0.208675 0.769703 -0.959624 0.625000 0.956055 0
0 0.949759 3.508125 0.525560 0.609375 0.233154 0
0 -0.000002 3.319566 -0.719757 0.531250 0.756103 0
0 0.190594 3.245107 -0.781980 0.622768 0.767090 0
0 0.121001 3.039532 -0.931436 0.622768 0.923096 0
0 0.000000 3.400000 -0.643773 0.297057 0.364728 0
0 -0.942429 3.286668 -0.593326 0.597444 0.446434 0
0 0.000000 0.323620 -0.980354 0.531250 0.929687 0
0 -0.222060 0.504352 -0.980354 0.441964 0.923096 0
0 -0.140647 0.672797 -1.012883 0.446429 0.769287 0
0 0.000000 2.354875 -1.193716 0.296875 0.635254 0
0 0.206989 2.971085 -0.949337 0.325893 0.529785 0
0 -0.121003 3.039532 -0.931436 0.430804 0.923096 0
0 -0.190598 3.245107 -0.781980 0.430804 0.767090 0
0 0.140647 0.672797 -1.012883 0.613839 0.771484 0
0 0.222060 0.504352 -0.980354 0.620536 0.920899 0
0 0.000168 2.251958 -1.246418 0.531250 0.756103 0
0 -0.128823 1.716607 -1.145386 0.430804 0.923096 0
0 -0.217139 2.028283 -1.195902 0.430804 0.767090 0
0 0.217665 2.028283 -1.195902 0.622768 0.767090 0
0 0.129152 1.716607 -1.145386 0.622768 0.923096 0
0 -1.446119 2.557336 -0.542880 0.882442 0.520732 0
0 -1.505100 2.161336 -0.014880 0.961431 0.536054 0
0 -1.379838 3.173336 0.601120 0.759456 0.502131 0
0 -1.379838 3.173336 -0.542880 0.759456 0.502131 0
0 -1.446119 2.557336 0.601120 0.882442 0.520732 0
0 -1.348756 3.437336 -0.014880 0.706760 0.493609 0
0 1.446119 2.557336 -0.542880 0.882442 0.520732 0
0 1.505100 2.161336 -0.014880 0.961431 0.536054 0
0 1.379838 3.173336 0.601120 0.759456 0.502131 0
0 1.379838 3.173336 -0.542880 0.759456 0.502131 0
0 1.446119 2.557336 0.601120 0.882442 0.520732 0
0 1.348756 3.437336 -0.014880 0.706760 0.493609 0
0 0.278381 -0.653899 0.422998 0.603383 0.308906 3
0 0.451462 -0.653345 -0.049997 0.603330 0.245424 3
0 -0.267783 -0.655649 0.422998 0.603550 0.509223 3
0 -0.490866 -0.656364 -0.049997 0.603618 0.591043 3
0 0.278380 -0.653899 -0.522992 0.603383 0.308907 3
0 -0.267783 -0.655649 -0.522992 0.603550 0.509223 3
0 0.021319 -1.287874 -0.451323 0.851636 0.576514 5
0 -0.203736 -1.394794 -0.451324 0.843636 0.397070 5
0 0.136178 -0.748419 -0.675864 0.595982 0.283691 5
0 0.473502 -0.642034 -0.675864 0.598214 0.531983 5
0 0.473502 -0.642035 -0.395188 0.600446 0.531983 5
0 -0.203736 -1.394796 0.446836 0.843636 0.397070 5
0 0.075641 -1.666137 0.390701 0.651761 0.402197 5
0 0.300696 -1.559216 0.390701 0.659761 0.581641 5
0 0.021319 -1.287874 0.446836 0.851636 0.576514 5
0 0.300696 -1.559216 -0.395189 0.659761 0.581641 5
0 0.075641 -1.666137 -0.395189 0.651761 0.402197 5
0 0.470394 -1.290028 -0.675864 0.362106 0.533037 5
0 0.470394 -1.290028 -0.395188 0.362106 0.533037 5
0 0.301992 -1.289221 -0.395189 0.362106 0.409990 5
0 0.301991 -1.289221 -0.675863 0.362106 0.409990 5
0 0.473502 -0.642035 -0.395188 0.598214 0.531983 5
0 0.136178 -0.748418 -0.395189 0.595982 0.283691 5
0 0.136178 -0.748419 -0.675864 0.593750 0.283691 5
0 -0.659467 -0.340665 -0.028000 0.063428 0.979914 6
0 -0.307734 -0.340665 0.581219 0.139692 0.979914 6
0 -0.307735 -0.340665 -0.637220 0.139692 0.979914 6
0 0.283731 -0.340665 -0.637220 0.267936 0.979914 6
0 0.283732 -0.340665 0.581219 0.267936 0.979914 6
0 0.635465 -0.340665 -0.028000 0.344201 0.979914 6
0 0.239472 -4.076670 0.502413 0.260074 0.909731 7
0 -0.279471 -4.076670 0.502413 0.147555 0.909731 7
0 0.239472 -4.076670 -0.590413 0.260074 0.909731 7
0 0.554944 -4.076670 -0.044000 0.328476 0.909731 7
0 -0.279471 -4.076670 -0.590413 0.147555 0.909731 7
0 -0.594943 -4.076670 -0.044000 0.079153 0.909731 7
0 0.418574 -2.303367 0.583724 0.814373 0.261163 8
0 0.585436 -2.303166 0.121503 0.814839 0.187692 8
0 0.348472 -0.653451 0.636808 0.863138 0.660860 8
0 0.378314 -3.056339 -0.256993 0.413880 0.290523 8
0 -0.555982 -0.654540 0.114622 0.677498 0.662096 8
0 -0.254498 -0.654177 0.636808 0.743886 0.661654 8
0 -0.268550 -3.057117 -0.256993 0.414077 0.527773 8
0 0.585436 -2.303166 0.121503 0.880809 0.563195 8
0 0.418574 -2.303367 0.583724 0.879833 0.496029 8
0 0.378314 -3.056339 0.516999 0.690454 0.482523 8
0 0.378314 -3.056339 -0.256993 0.690454 0.482523 8
0 -0.254498 -0.654177 -0.407565 0.743886 0.661654 8
0 0.378314 -3.056339 0.516999 0.413880 0.290523 8
0 0.466257 -1.503309 -0.263396 0.613446 0.238192 8
0 0.418574 -2.303367 -0.340720 0.814373 0.261163 8
0 -0.432019 -2.304389 0.121502 0.874857 0.153638 8
0 -0.315155 -2.304249 0.583724 0.875541 0.200680 8
0 0.418574 -2.303367 -0.340720 0.879833 0.496029 8
0 -0.315155 -2.304249 -0.340720 0.875541 0.200680 8
0 0.585436 -2.303166 0.121503 0.814839 0.187692 8
0 -0.320239 -1.504256 -0.263396 0.611063 0.583161 8
0 0.466258 -1.503309 0.492639 0.611213 0.240388 8
0 -0.268550 -3.057117 -0.256993 0.686670 0.222140 8
0 -0.268550 -3.057117 0.517000 0.686670 0.222140 8
0 -0.320239 -1.504256 -0.263396 0.613295 0.583162 8
0 -0.315155 -2.304249 -0.340720 0.812324 0.584230 8
0 -0.432019 -2.304389 0.121502 0.811997 0.635686 8
0 -0.320239 -1.504256 0.492639 0.613295 0.583162 8
0 -0.432019 -2.304389 0.121502 0.811997 0.635686 8
0 -0.315155 -2.304249 0.583724 0.812324 0.584230 8
0 0.649956 -0.653088 0.114622 0.924766 0.660552 8
0 0.348471 -0.653451 -0.407565 0.863138 0.660860 8
0 -0.268550 -3.057117 0.517000 0.414077 0.527773 8
0 0.466258 -1.503309 0.492639 0.613446 0.238192 8
0 0.491043 -0.656371 -0.048230 0.603618 0.591043 10
0 0.269663 -0.655656 -0.522025 0.603550 0.509223 10
0 -0.276497 -0.653905 -0.523989 0.603383 0.308907 10
0 -0.451279 -0.653352 -0.051619 0.603330 0.245424 10
0 -0.279900 -0.653906 0.421995 0.603383 0.308906 10
0 0.266262 -0.655656 0.423960 0.603550 0.509223 10
0 -0.076592 -1.666135 -0.395006 0.651761 0.402197 12
0 -0.301647 -1.559214 -0.394464 0.659761 0.581641 12
0 -0.303618 -1.289218 -0.675133 0.362106 0.409990 12
0 -0.302943 -1.289219 -0.394460 0.362106 0.409990 12
0 -0.471344 -1.290026 -0.394054 0.362106 0.533037 12
0 -0.472020 -1.290026 -0.674729 0.362106 0.533037 12
0 -0.137130 -0.748416 -0.394860 0.595982 0.283691 12
0 -0.474452 -0.642033 -0.394047 0.598214 0.531983 12
0 -0.137805 -0.748418 -0.675534 0.593750 0.283691 12
0 0.202648 -1.394791 -0.451813 0.843636 0.397070 12
0 -0.022406 -1.287872 -0.451271 0.851636 0.576514 12
0 -0.475128 -0.642033 -0.674722 0.598214 0.531983 12
0 -0.137805 -0.748418 -0.675534 0.595982 0.283691 12
0 -0.474452 -0.642033 -0.394047 0.600446 0.531983 12
0 -0.020243 -1.287872 0.446886 0.851636 0.576514 12
0 -0.299755 -1.559213 0.391424 0.659761 0.581641 12
0 -0.074700 -1.666135 0.390882 0.651761 0.402197 12
0 0.204811 -1.394794 0.446344 0.843636 0.397070 12
0 -0.283968 -0.340665 0.581103 0.267936 0.979914 13
0 -0.635453 -0.340665 -0.028259 0.344201 0.979914 13
0 0.307497 -0.340665 0.581344 0.139692 0.979914 13
0 0.659478 -0.340665 -0.027732 0.063428 0.979914 13
0 0.307994 -0.340665 -0.637095 0.139692 0.979914 13
0 -0.283472 -0.340665 -0.637335 0.267936 0.979914 13
0 0.280260 -4.076670 0.501974 0.147555 0.909731 14
0 -0.240399 -4.076670 -0.590037 0.260074 0.909731 14
0 0.278544 -4.076670 -0.590851 0.147555 0.909731 14
0 -0.555012 -4.076670 -0.043128 0.328476 0.909731 14
0 0.594873 -4.076670 -0.044934 0.079153 0.909731 14
0 -0.238683 -4.076670 0.502788 0.260074 0.909731 14
0 0.432212 -2.304389 0.120814 0.874857 0.153638 15
0 0.269374 -3.057117 0.516570 0.686670 0.222140 15
0 0.432212 -2.304389 0.120814 0.811997 0.635686 15
0 0.314612 -2.304249 -0.341222 0.812324 0.584230 15
0 0.319820 -1.504257 -0.263906 0.613295 0.583162 15
0 0.316085 -2.304249 0.583221 0.812324 0.584230 15
0 0.432212 -2.304389 0.120814 0.811997 0.635686 15
0 0.321024 -1.504257 0.492128 0.613295 0.583162 15
0 -0.378722 -3.056339 -0.256390 0.413880 0.290523 15
0 -0.349119 -0.653452 -0.407010 0.863138 0.660860 15
0 -0.649772 -0.653090 0.115657 0.924766 0.660552 15
0 -0.585241 -2.303166 0.122435 0.814839 0.187692 15
0 -0.417643 -2.303367 0.584390 0.814373 0.261163 15
0 -0.465472 -1.503309 0.493381 0.613446 0.238192 15
0 0.268141 -3.057117 -0.257420 0.414077 0.527773 15
0 -0.347456 -0.653452 0.637362 0.863138 0.660860 15
0 0.269374 -3.057117 0.516570 0.414077 0.527773 15
0 0.255513 -0.654178 0.636401 0.743886 0.661654 15
0 0.556165 -0.654541 0.113736 0.677498 0.662096 15
0 -0.377489 -3.056339 0.517601 0.690454 0.482523 15
0 -0.417643 -2.303367 0.584390 0.879833 0.496029 15
0 -0.585241 -2.303166 0.122435 0.880809 0.563195 15
0 -0.378722 -3.056339 -0.256390 0.690454 0.482523 15
0 -0.377489 -3.056339 0.517601 0.413880 0.290523 15
0 0.253849 -0.654178 -0.407970 0.743886 0.661654 15
0 -0.419115 -2.303367 -0.340053 0.814373 0.261163 15
0 -0.466675 -1.503310 -0.262653 0.613446 0.238192 15
0 0.268141 -3.057117 -0.257420 0.686670 0.222140 15
0 0.316085 -2.304249 0.583221 0.875541 0.200680 15
0 -0.419115 -2.303367 -0.340053 0.879833 0.496029 15
0 0.314612 -2.304249 -0.341222 0.875541 0.200680 15
0 -0.585241 -2.303166 0.122435 0.814839 0.187692 15
0 0.319820 -1.504257 -0.263906 0.611063 0.583161 15
0 -0.465472 -1.503309 0.493381 0.611213 0.240388 15
263
-0.002678 0.430279 0.873731
-0.000925 0.552969 0.833201
0.537083 0.539491 0.464214
-0.537709 0.537883 0.462480
0.225115 -0.274494 0.934867
-0.225115 -0.274494 0.934867
-0.583546 -0.105369 0.805215
0.583546 -0.105369 0.805215
0.337932 0.570929 0.748226
-0.277549 0.927407 -0.250763
-0.403515 0.863046 0.303854
-0.537709 0.537883 0.462480
-0.336855 0.573958 0.746392
-0.095586 0.109395 0.989392
-0.953887 -0.296400 -0.047408
-0.992802 -0.119582 -0.006680
-0.583546 -0.105369 0.805215
-0.768656 -0.245531 0.590663
0.818124 -0.336737 0.466134
0.432462 -0.133737 0.601289
0.682422 -0.168300 0.711320
0.433841 0.177727 -0.883286
0.406183 0.462189 -0.735105
0.085822 -0.079294 -0.702578
0.768656 -0.245531 0.590663
0.583546 -0.105369 0.805215
0.992802 -0.119582 -0.006680
0.953887 -0.296400 -0.047408
0.634025 0.329375 0.654351
0.311629 -0.294677 0.024092
0.716746 -0.239459 -0.654931
-0.768656 -0.245531 0.590663
-0.716746 -0.239459 -0.654931
-0.311539 -0.294677 0.023585
-0.086446 -0.079294 -0.703064
-0.353909 0.722296 -0.594169
-0.231812 0.217951 -0.948030
-0.125799 0.455550 -0.881277
0.231812 0.217951 -0.948030
0.125799 0.455550 -0.881277
-0.000235 0.462640 -0.886546
-0.932599 -0.356013 -0.059276
0.932599 -0.356013 -0.059276
-0.992802 -0.119582 -0.006680
-0.953887 -0.296400 -0.047408
-0.646933 -0.297450 -0.702140
-0.699809 -0.075745 -0.710303
-0.818124 -0.336737 0.466134
-0.431999 -0.133737 0.601046
-0.311539 -0.294677 0.023585
-0.682422 -0.168300 0.711320
-0.431999 -0.133737 0.601046
-0.818124 -0.336737 0.466134
0.768656 -0.245531 0.590663
0.818124 -0.336737 0.466134
0.932599 -0.356013 -0.059276
0.311629 -0.294677 0.024092
0.699809 -0.075745 -0.710303
0.646933 -0.297450 -0.702140
0.953887 -0.296400 -0.047408
0.992802 -0.119582 -0.006680
-0.407550 0.460690 -0.735699
-0.433841 0.177727 -0.883286
-0.480562 0.499774 -0.497993
0.049027 0.761954 -0.454310
0.276716 0.927240 -0.252298
0.520514 0.492734 -0.409515
0.537083 0.539491 0.464214
0.485269 0.017681 -0.874186
-0.297490 -0.262123 0.918037
-0.448978 0.069845 0.890809
0.095586 0.109395 0.989392
0.000000 -0.187696 0.982227
-0.632710 0.330674 0.654671
0.448978 0.069845 0.890809
0.297490 -0.262123 0.918037
-0.403515 0.863046 0.303854
0.409091 0.860247 0.304334
-0.487508 0.018415 -0.872924
0.178416 0.738841 -0.649832
-0.181417 0.733579 -0.654942
-0.480562 0.499774 -0.497993
0.520514 0.492734 -0.409515
0.178416 0.738841 -0.649832
0.354824 0.726390 -0.588606
-0.932599 -0.356013 -0.059276
0.432462 -0.133737 0.601289
0.396728 0.249948 -0.883251
0.312551 -0.463869 -0.828938
-0.313894 -0.464117 -0.828291
-0.396730 0.249951 -0.883250
0.409091 0.860247 0.304334
0.000001 0.281262 -0.959631
-0.487876 0.304638 -0.818030
-0.243608 0.785624 -0.568727
0.049027 0.761954 -0.454310
-0.181417 0.733579 -0.654942
-0.000001 0.116970 -0.993135
0.382041 -0.035422 -0.923466
0.184432 -0.457182 -0.870040
-0.000235 0.462640 -0.886546
0.231812 0.217951 -0.948030
0.243613 0.785625 -0.568723
0.487888 0.304630 -0.818025
-0.184437 -0.457184 -0.870038
-0.382052 -0.035419 -0.923462
-0.001117 -0.544961 -0.838460
0.296750 0.051294 -0.953577
0.518991 -0.267608 -0.811809
-0.524115 -0.267874 -0.808423
-0.301008 0.053477 -0.952121
-0.086446 -0.079294 -0.703064
-0.311539 -0.294677 0.023585
-0.632710 0.330674 0.654671
-0.407550 0.460690 -0.735699
-0.431999 -0.133737 0.601046
-0.593039 0.641788 -0.140861
0.085822 -0.079294 -0.702578
0.311629 -0.294677 0.024092
0.634025 0.329375 0.654351
0.406183 0.462189 -0.735105
0.432462 -0.133737 0.601289
0.592678 0.641744 -0.142648
0.373368 0.012084 0.927605
0.999984 -0.005580 0.000017
-0.536910 0.000325 0.843640
-0.999996 -0.002890 0.000035
0.574701 -0.009114 -0.818313
-0.350866 -0.001395 -0.936424
0.631019 0.299737 -0.715523
-0.404911 -0.396507 -0.823911
-0.392565 -0.261200 -0.881854
0.666566 0.316965 -0.674702
0.781200 -0.144004 0.607445
-0.536243 -0.468580 0.702052
-0.099842 -0.867314 0.487646
0.753299 -0.204416 0.625104
0.631018 0.299738 0.715523
0.753299 -0.204416 -0.625104
-0.099842 -0.867314 -0.487646
0.574573 -0.580115 -0.577350
0.574573 -0.580113 0.577352
-0.506744 -0.681968 0.527381
-0.506745 -0.681969 -0.527379
0.781200 -0.144004 0.607445
0.167499 -0.756402 0.632298
-0.392565 -0.261200 -0.881854
-0.969645 0.217988 0.110767
-0.387658 0.252951 0.886418
-0.590882 0.169671 -0.788715
0.394557 0.133591 -0.909109
0.585298 0.221677 0.779927
0.990901 0.094467 -0.095875
0.413456 0.019115 0.887269
-0.573940 0.019116 0.794614
0.573940 0.019115 -0.794615
0.976639 0.028871 0.092656
-0.413456 0.019117 -0.887269
-0.976639 0.028872 -0.092655
0.455852 -0.038979 0.889202
0.998408 -0.056407 0.000044
0.482538 -0.150928 0.862773
0.626077 -0.023229 -0.762100
-0.997131 -0.012567 0.074645
-0.397935 -0.107399 0.911106
-0.808825 -0.010476 -0.562788
0.998408 -0.056407 0.000044
0.455852 -0.038979 0.889202
0.809760 -0.028614 0.565445
0.626077 -0.023229 -0.762100
-0.509312 -0.035747 -0.859839
0.809760 -0.028614 0.565445
0.702924 -0.054053 -0.709208
0.456153 -0.006628 -0.889877
-0.999374 -0.035393 0.000015
-0.486778 0.019241 0.873314
0.456153 -0.006628 -0.889877
-0.486169 -0.048901 -0.872496
0.998408 -0.056407 0.000044
-0.713305 -0.019594 -0.700580
0.617885 -0.025260 0.785863
-0.808825 -0.010476 -0.562788
-0.626597 0.001856 0.762326
-0.713305 -0.019594 -0.700580
-0.486169 -0.048901 -0.872496
-0.999374 -0.035393 0.000015
-0.811307 -0.038361 0.583360
-0.999374 -0.035393 0.000015
-0.486778 0.019241 0.873314
0.984632 -0.130260 -0.116325
0.396986 -0.058243 -0.915975
-0.626597 0.001856 0.762326
0.617885 -0.025260 0.785863
0.999989 -0.002890 0.003631
0.354231 -0.001395 -0.935157
-0.571755 -0.009114 -0.820374
-0.999978 -0.005580 -0.003579
-0.376701 0.012084 0.926256
0.533873 0.000325 0.845565
0.098666 -0.867313 -0.487886
-0.754802 -0.204414 -0.623289
0.505471 -0.681970 -0.528598
0.508010 -0.681969 0.526159
-0.573183 -0.580112 0.578732
-0.575963 -0.580113 -0.575964
-0.165978 -0.756401 0.632700
-0.779735 -0.144004 0.609324
0.390441 -0.261201 -0.882797
0.402926 -0.396508 -0.824883
-0.632740 0.299738 -0.714001
-0.668188 0.316965 -0.673096
0.390441 -0.261201 -0.882797
-0.779735 -0.144004 0.609324
-0.629293 0.299739 0.717041
-0.751792 -0.204414 0.626917
0.101015 -0.867314 0.487404
0.537932 -0.468580 0.700758
-0.585617 0.221677 0.779688
-0.990862 0.094467 -0.096278
0.387296 0.252951 0.886576
0.969600 0.217988 0.111162
0.591203 0.169671 -0.788474
-0.394187 0.133591 -0.909269
0.574454 0.019116 0.794348
-0.574455 0.019115 -0.794347
0.412979 0.019117 -0.887601
-0.976676 0.028871 0.093237
0.976676 0.028872 -0.093236
-0.412979 0.019115 0.887601
0.999395 -0.034751 -0.001576
0.625872 0.002406 0.762937
0.999395 -0.034751 -0.001576
0.484806 -0.048809 -0.873259
0.712188 -0.019594 -0.701715
0.488179 0.019678 0.872521
0.999395 -0.034751 -0.001576
0.812235 -0.038361 0.582067
-0.625208 -0.023774 -0.762681
-0.398445 -0.058243 -0.915341
-0.984816 -0.130260 -0.114757
-0.998370 -0.057056 0.001635
-0.454413 -0.039063 0.889934
-0.616632 -0.025259 0.786846
0.809560 -0.010055 -0.562034
-0.481163 -0.150928 0.863541
0.625872 0.002406 0.762937
0.399386 -0.107399 0.910470
0.997249 -0.012567 0.073056
-0.810233 -0.029024 0.564618
-0.454413 -0.039063 0.889934
-0.998370 -0.057056 0.001635
-0.625208 -0.023774 -0.762681
-0.810233 -0.029024 0.564618
0.507941 -0.035747 -0.860650
-0.457555 -0.007059 -0.889153
-0.704052 -0.054053 -0.708088
0.809560 -0.010055 -0.562034
0.488179 0.019678 0.872521
-0.457555 -0.007059 -0.889153
0.484806 -0.048809 -0.873259
-0.998370 -0.057056 0.001635
0.712188 -0.019594 -0.701715
-0.616632 -0.025259 0.786846
224
0 0 2 1 0 2 1 1
0 1 3 0 1 3 0 1
0 4 6 5 4 6 5 1
0 4 7 6 4 7 6 1
0 2 8 1 2 8 1 1
0 9 11 10 9 11 10 1
0 1 13 12 1 13 12 1
0 14 16 15 14 16 15 1
0 14 17 16 14 17 16 1
0 18 20 19 18 20 19 1
0 21 23 22 21 23 22 1
0 24 26 25 24 26 25 1
0 24 27 26 24 27 26 1
0 20 28 19 20 28 19 1
0 23 30 29 23 30 29 1
0 31 5 6 31 5 6 1
0 32 34 33 32 34 33 1
0 12 3 1 12 3 1 1
0 35 37 36 35 37 36 1
0 38 40 39 38 40 39 1
0 41 32 33 41 32 33 1
0 30 42 29 30 42 29 1
0 43 45 44 43 45 44 1
0 43 46 45 43 46 45 1
0 47 49 48 47 49 48 1
0 50 52 51 50 52 51 1
0 4 53 7 4 53 7 1
0 54 56 55 54 56 55 1
0 57 59 58 57 59 58 1
0 57 60 59 57 60 59 1
0 34 62 61 34 62 61 1
0 63 35 64 63 35 64 1
0 65 67 66 65 67 66 1
0 30 21 68 30 21 68 1
0 50 70 69 50 70 69 1
0 8 71 1 8 71 1 1
0 13 71 72 13 71 72 1
0 50 73 70 50 73 70 1
0 52 50 69 52 50 69 1
0 74 20 75 74 20 75 1
0 20 18 75 20 18 75 1
0 71 13 1 71 13 1 1
0 73 50 51 73 50 51 1
0 28 20 74 28 20 74 1
0 3 12 76 3 12 76 1
0 8 2 77 8 2 77 1
0 62 32 78 62 32 78 1
0 23 21 30 23 21 30 1
0 62 34 32 62 34 32 1
0 66 79 65 66 79 65 1
0 80 81 9 80 81 9 1
0 82 84 83 82 84 83 1
0 39 84 38 39 84 38 1
0 49 47 85 49 47 85 1
0 56 54 86 56 54 86 1
0 87 58 88 87 58 88 1
0 87 57 58 87 57 58 1
0 46 89 45 46 89 45 1
0 46 90 89 46 90 89 1
0 11 9 81 11 9 81 1
0 67 65 91 67 65 91 1
0 92 94 93 92 94 93 1
0 84 82 95 84 82 95 1
0 35 63 96 35 63 96 1
0 97 99 98 97 99 98 1
0 100 36 37 100 36 37 1
0 36 100 101 36 100 101 1
0 102 92 103 102 92 103 1
0 92 102 94 92 102 94 1
0 104 97 105 104 97 105 1
0 99 97 104 99 97 104 1
0 106 108 107 106 108 107 1
0 106 110 109 106 110 109 1
0 110 106 107 110 106 107 1
0 84 39 83 84 39 83 1
0 37 35 96 37 35 96 1
0 162 128 127 162 128 127 1
0 171 124 123 171 124 123 1
0 191 123 125 191 123 125 1
0 124 171 162 124 171 162 1
0 126 165 191 126 165 191 1
0 165 126 128 165 126 128 1
0 123 191 171 123 191 171 1
0 128 162 165 128 162 165 1
0 126 191 125 126 191 125 1
0 124 162 127 124 162 127 1
0 134 136 135 134 136 135 1
0 134 137 136 134 137 136 1
0 138 135 136 138 135 136 1
0 138 139 135 138 139 135 1
0 140 142 141 140 142 141 1
0 140 143 142 140 143 142 1
0 144 142 145 144 142 145 1
0 144 141 142 144 141 142 1
0 145 143 146 145 143 146 1
0 145 142 143 145 142 143 1
0 129 139 138 129 139 138 1
0 129 130 139 129 130 139 1
0 131 140 132 131 140 132 1
0 131 143 140 131 143 140 1
0 130 135 139 130 135 139 1
0 130 134 135 130 134 135 1
0 141 132 140 141 132 140 1
0 141 133 132 141 133 132 1
0 137 138 136 137 138 136 1
0 137 129 138 137 129 138 1
0 147 154 148 147 154 148 1
0 149 158 147 149 158 147 1
0 150 157 149 150 157 149 1
0 148 153 151 148 153 151 1
0 152 155 150 152 155 150 1
0 151 156 152 151 156 152 1
0 155 152 156 155 152 156 1
0 156 151 153 156 151 153 1
0 153 148 154 153 148 154 1
0 154 147 158 154 147 158 1
0 158 149 157 158 149 157 1
0 157 150 155 157 150 155 1
0 174 181 177 174 181 177 1
0 174 182 181 174 182 181 1
0 183 185 184 183 185 184 1
0 186 188 187 186 188 187 1
0 189 111 190 189 111 190 1
0 192 160 159 192 160 159 1
0 161 112 189 161 112 189 1
0 163 113 164 163 113 164 1
0 166 168 167 166 168 167 1
0 166 169 168 166 169 168 1
0 190 114 170 190 114 170 1
0 183 173 172 183 173 172 1
0 183 184 173 183 184 173 1
0 161 113 115 161 113 115 1
0 167 182 175 167 182 175 1
0 167 168 182 167 168 182 1
0 192 188 186 192 188 186 1
0 192 159 188 192 159 188 1
0 177 169 176 177 169 176 1
0 177 181 169 177 181 169 1
0 170 116 163 170 116 163 1
0 172 173 178 172 173 178 1
0 114 190 111 114 190 111 1
0 111 189 112 111 189 112 1
0 112 161 115 112 161 115 1
0 113 163 116 113 163 116 1
0 116 170 114 116 170 114 1
0 186 187 179 186 187 179 1
0 182 174 175 182 174 175 1
0 169 166 176 169 166 176 1
0 172 178 180 172 178 180 1
0 113 161 164 113 161 164 1
0 194 237 195 194 237 195 1
0 196 252 197 196 252 197 1
0 197 245 198 197 245 198 1
0 252 196 237 252 196 237 1
0 243 193 245 243 193 245 1
0 193 243 194 193 243 194 1
0 245 197 252 245 197 252 1
0 237 194 243 237 194 243 1
0 245 193 198 245 193 198 1
0 237 196 195 237 196 195 1
0 213 215 214 213 215 214 1
0 213 216 215 213 216 215 1
0 199 214 215 199 214 215 1
0 199 200 214 199 200 214 1
0 201 203 202 201 203 202 1
0 201 204 203 201 204 203 1
0 203 205 202 203 205 202 1
0 203 206 205 203 206 205 1
0 202 207 201 202 207 201 1
0 202 205 207 202 205 207 1
0 208 200 199 208 200 199 1
0 208 209 200 208 209 200 1
0 201 210 204 201 210 204 1
0 201 211 210 201 211 210 1
0 216 199 215 216 199 215 1
0 216 208 199 216 208 199 1
0 212 204 210 212 204 210 1
0 212 203 204 212 203 204 1
0 209 214 200 209 214 200 1
0 209 213 214 209 213 214 1
0 223 220 219 223 220 219 1
0 227 221 220 227 221 220 1
0 225 222 221 225 222 221 1
0 228 219 217 228 219 217 1
0 224 218 222 224 218 222 1
0 226 217 218 226 217 218 1
0 218 224 226 218 224 226 1
0 217 226 228 217 226 228 1
0 219 228 223 219 228 223 1
0 220 223 227 220 223 227 1
0 221 227 225 221 227 225 1
0 222 225 224 222 225 224 1
0 256 229 259 256 229 259 1
0 230 229 256 230 229 256 1
0 231 233 232 231 233 232 1
0 234 236 235 234 236 235 1
0 117 239 238 117 239 238 1
0 240 242 241 240 242 241 1
0 118 244 239 118 244 239 1
0 119 247 246 119 247 246 1
0 248 250 249 248 250 249 1
0 251 250 248 251 250 248 1
0 120 238 253 120 238 253 1
0 254 233 255 254 233 255 1
0 232 233 254 232 233 254 1
0 119 244 121 119 244 121 1
0 230 249 257 230 249 257 1
0 248 249 230 248 249 230 1
0 234 242 236 234 242 236 1
0 241 242 234 241 242 234 1
0 251 259 258 251 259 258 1
0 256 259 251 256 259 251 1
0 122 253 247 122 253 247 1
0 254 255 260 254 255 260 1
0 238 120 117 238 120 117 1
0 239 117 118 239 117 118 1
0 244 118 121 244 118 121 1
0 247 119 122 247 119 122 1
0 253 122 120 253 122 120 1
0 235 236 261 235 236 261 1
0 229 230 257 229 230 257 1
0 250 251 258 250 251 258 1
0 260 255 262 260 255 262 1
0 244 119 246 244 119 246 1
"Mesh11" 0 11
25
0 1.107368 0.750000 0.014915 0.696605 0.047077 0
0 0.804077 0.750000 0.802413 0.933547 0.047077 0
0 -0.853554 0.729625 -0.721933 0.474903 0.052490 0
0 -0.804077 0.750000 0.802413 0.036962 0.047077 0
0 -0.804077 0.750000 0.802413 0.933547 0.047077 0
0 -1.107368 0.750000 0.014915 0.696605 0.047077 0
0 0.853554 0.729625 -0.721933 0.474903 0.052490 0
0 -0.853554 0.729625 -0.721933 0.205357 0.046387 0
0 -0.208675 0.769703 -0.959624 0.033874 0.047021 0
0 -0.329466 0.439547 -0.911361 0.062500 0.149658 0
0 0.329466 0.439547 -0.911361 0.062500 0.149658 0
0 0.208675 0.769703 -0.959624 0.032735 0.047021 0
0 0.853554 0.729625 -0.721933 0.205357 0.046387 0
0 0.804077 0.750000 0.802413 0.588022 0.047077 0
0 0.832618 0.000000 0.743342 0.935268 0.285889 2
0 1.114609 0.000000 0.014915 0.700893 0.281494 2
0 -0.832618 0.000000 0.743342 0.024687 0.285889 2
0 0.000000 0.000000 0.914584 0.312492 0.281494 2
0 -0.832618 0.000000 -0.688956 0.194196 0.277100 2
0 -0.832618 0.000000 -0.688956 0.486607 0.274902 2
0 -1.114609 0.000000 0.014915 0.700893 0.281494 2
0 0.832619 0.000000 -0.688956 0.194550 0.280863 2
0 0.832619 0.000000 -0.688956 0.486607 0.274902 2
0 -0.832618 0.000000 0.743342 0.935268 0.285889 2
0 0.832618 0.000000 0.743342 0.602600 0.288086 2
25
0.992802 -0.119582 -0.006680
0.583546 -0.105369 0.805215
-0.699809 -0.075745 -0.710303
-0.583546 -0.105369 0.805215
-0.583546 -0.105369 0.805215
-0.992802 -0.119582 -0.006680
0.699809 -0.075745 -0.710303
-0.699809 -0.075745 -0.710303
-0.396730 0.249951 -0.883250
-0.572630 -0.202608 -0.794383
0.572624 -0.202608 -0.794388
0.396728 0.249948 -0.883251
0.699809 -0.075745 -0.710303
0.583546 -0.105369 0.805215
0.690959 0.209340 0.632317
0.972996 0.159591 0.005774
-0.690960 0.209340 0.632317
0.000000 0.298299 0.902436
-0.553065 0.028639 -0.812556
-0.553065 0.028639 -0.812556
-0.972996 0.159591 0.005774
0.553065 0.028640 -0.812556
0.553065 0.028640 -0.812556
-0.690960 0.209340 0.632317
0.690959 0.209340 0.632317
15
0 15 1 0 15 1 0 1
0 2 20 19 2 20 19 1
0 3 17 16 3 17 16 1
0 4 20 5 4 20 5 1
0 6 15 0 6 15 0 1
0 7 9 8 7 9 8 1
0 9 7 18 9 7 18 1
0 10 12 11 10 12 11 1
0 10 21 12 10 21 12 1
0 15 6 22 15 6 22 1
0 20 2 5 20 2 5 1
0 20 4 23 20 4 23 1
0 17 13 24 17 13 24 1
0 13 17 3 13 17 3 1
0 1 15 14 1 15 14 1
"Mesh12" 0 12
55
0 0.800000 -0.600000 1.200000 0.743304 0.362793 2
0 1.285699 -0.824000 0.700000 0.984375 0.452880 2
0 -1.350000 -0.684000 -0.176000 0.783482 0.444092 2
0 -1.114609 0.000000 0.014915 0.725446 0.123291 2
0 -0.832618 0.000000 -0.688956 0.604911 0.248535 2
0 -0.832618 0.000000 0.743342 0.966518 0.085938 2
0 1.149440 -1.483333 1.042698 0.921633 0.744796 2
0 1.444280 -1.133333 0.200000 0.773379 0.692737 2
0 1.049441 -1.233333 -0.732188 0.627232 0.725342 2
0 0.000000 -0.610000 1.356760 0.500000 0.362110 2
0 0.341360 -1.833333 1.042698 0.683036 0.901123 2
0 1.285699 -0.824000 0.700000 0.939732 0.459473 2
0 0.000000 -1.844000 0.764990 0.417411 0.896728 2
0 -1.049441 -1.233333 -0.732188 0.627232 0.725342 2
0 -0.341360 -1.833333 1.042698 0.678571 0.896728 2
0 -0.800000 -0.600000 1.200000 0.743304 0.362793 2
0 -1.149440 -1.483333 1.042698 0.921875 0.742920 2
0 -1.285699 -0.824000 0.700000 0.984375 0.452880 2
0 -0.832618 0.000000 0.743342 0.743304 0.088135 2
0 1.149440 -1.483333 1.042698 0.977679 0.835722 2
0 0.000000 0.000000 0.914584 0.497768 0.083740 2
0 0.950000 -0.600000 -0.804000 0.627232 0.545166 2
0 -0.950000 -0.600000 -0.804000 0.627232 0.545166 2
0 -1.149440 -1.483333 1.042698 0.918711 0.529126 2
0 -1.444280 -1.133333 0.200000 0.955083 0.598678 2
0 -1.049441 -1.233333 -0.732188 0.911210 0.592686 2
0 -0.341360 -1.583333 -0.732188 0.830293 0.541601 2
0 -0.341360 -1.833333 1.042698 0.827015 0.482510 2
0 -0.201360 -1.804332 0.155255 0.812304 0.495620 2
0 0.832619 0.000000 -0.688956 0.604911 0.248535 2
0 1.114609 0.000000 0.014915 0.725446 0.123291 2
0 1.149440 -1.483333 1.042698 0.918711 0.529126 2
0 1.444280 -1.133333 0.200000 0.955083 0.598678 2
0 1.049441 -1.233333 -0.732188 0.911210 0.592686 2
0 0.341360 -1.583333 -0.732188 0.830293 0.541601 2
0 0.341360 -1.833333 1.042698 0.827015 0.482510 2
0 0.201360 -1.804332 0.155255 0.812304 0.495620 2
0 1.350000 -0.684000 -0.176000 0.783482 0.444092 2
0 -1.285699 -0.824000 0.700000 0.939732 0.459473 2
0 -1.444280 -1.133333 0.200000 0.773379 0.692737 2
0 -1.149440 -1.483333 1.042698 0.977679 0.835722 2
0 0.832618 0.000000 0.743342 0.966518 0.085938 2
0 0.832618 0.000000 0.743342 0.743304 0.088135 2
0 -0.881170 -1.893334 -0.044000 0.948109 0.041748 7
0 -0.423285 -1.893334 0.834509 0.898751 0.062210 7
0 -0.423285 -1.893334 -0.922509 0.898751 0.062210 7
0 0.383286 -1.893334 -0.922509 0.811806 0.098253 7
0 0.841171 -1.893334 -0.044000 0.762448 0.118715 7
0 0.383286 -1.893334 0.834509 0.811806 0.098253 7
0 0.424595 -1.893334 0.833843 0.898751 0.062210 14
0 0.881100 -1.893334 -0.045383 0.948109 0.041748 14
0 0.421836 -1.893334 -0.923172 0.898751 0.062210 14
0 -0.384734 -1.893334 -0.921906 0.811806 0.098253 14
0 -0.841239 -1.893334 -0.042679 0.762448 0.118715 14
0 -0.381975 -1.893334 0.835110 0.811806 0.098253 14
55
0.384652 0.259777 0.885753
0.888691 0.271173 0.369721
-0.953847 0.244103 -0.174899
-0.972996 0.159591 0.005774
-0.553065 0.028639 -0.812556
-0.690960 0.209340 0.632317
0.680588 0.020404 0.731486
0.989137 0.071303 -0.078281
0.489668 -0.054588 -0.863226
0.000000 0.014286 0.999898
-0.247981 -0.336541 0.830538
0.888691 0.271173 0.369721
0.000000 -0.942272 0.334849
-0.490156 -0.054588 -0.863036
0.248407 -0.336541 0.830236
-0.384652 0.259777 0.885753
-0.680216 0.020404 0.731854
-0.888691 0.271173 0.369721
-0.690960 0.209340 0.632317
0.680588 0.020404 0.731486
0.000000 0.298299 0.902436
0.524424 0.123198 -0.842498
-0.524423 0.123198 -0.842498
-0.680216 0.020404 0.731854
-0.989276 0.071303 -0.077512
-0.490156 -0.054588 -0.863036
0.024567 -0.299590 -0.757353
0.248407 -0.336541 0.830236
0.411510 -0.398781 -0.011721
0.553065 0.028640 -0.812556
0.972996 0.159591 0.005774
0.680588 0.020404 0.731486
0.989137 0.071303 -0.078281
0.489668 -0.054588 -0.863226
-0.024905 -0.299590 -0.756954
-0.247981 -0.336541 0.830538
-0.411489 -0.398781 -0.010950
0.953847 0.244103 -0.174899
-0.888691 0.271173 0.369721
-0.989276 0.071303 -0.077512
-0.680216 0.020404 0.731854
0.690959 0.209340 0.632317
0.690959 0.209340 0.632317
-0.996606 -0.003137 0.082263
-0.406871 -0.043463 0.912451
-0.626978 -0.033925 -0.778298
0.404249 -0.088027 -0.910403
0.999898 0.010864 0.009319
0.513880 -0.078843 0.854231
0.408303 -0.043463 0.911811
0.996733 -0.003137 0.080698
0.625755 -0.033925 -0.779282
-0.405678 -0.088027 -0.909767
-0.999882 0.010864 0.010889
-0.512538 -0.078843 0.855037
54
0 29 37 30 29 37 30 1
0 38 40 39 38 40 39 1
0 30 37 41 30 37 41 1
0 42 1 0 42 1 0 1
0 2 4 3 2 4 3 1
0 2 3 5 2 3 5 1
0 5 38 2 5 38 2 1
0 38 39 2 38 39 2 1
0 1 6 0 1 6 0 1
0 37 8 7 37 8 7 1
0 0 10 9 0 10 9 1
0 7 11 37 7 11 37 1
0 10 0 6 10 0 6 1
0 10 12 9 10 12 9 1
0 13 2 39 13 2 39 1
0 14 15 9 14 15 9 1
0 16 17 15 16 17 15 1
0 15 14 16 15 14 16 1
0 12 14 9 12 14 9 1
0 11 41 37 11 41 37 1
0 17 18 15 17 18 15 1
0 19 11 7 19 11 7 1
0 15 20 9 15 20 9 1
0 37 29 21 37 29 21 1
0 4 2 22 4 2 22 1
0 20 0 9 20 0 9 1
0 20 15 18 20 15 18 1
0 0 20 42 0 20 42 1
0 8 37 21 8 37 21 1
0 2 13 22 2 13 22 1
0 23 44 43 23 44 43 1
0 23 43 24 23 43 24 1
0 24 43 45 24 43 45 1
0 24 45 25 24 45 25 1
0 25 45 46 25 45 46 1
0 25 46 26 25 46 26 1
0 47 26 46 47 26 46 1
0 27 44 23 27 44 23 1
0 27 48 44 27 48 44 1
0 27 47 48 27 47 48 1
0 47 27 28 47 27 28 1
0 26 47 28 26 47 28 1
0 49 31 50 49 31 50 1
0 50 31 32 50 31 32 1
0 50 32 51 50 32 51 1
0 51 32 33 51 32 33 1
0 51 33 52 51 33 52 1
0 52 33 34 52 33 34 1
0 34 53 52 34 53 52 1
0 49 35 31 49 35 31 1
0 54 35 49 54 35 49 1
0 53 35 54 53 35 54 1
0 35 53 36 35 53 36 1
0 53 34 36 53 34 36 1
"Mesh13" 0 13
40
0 0.760865 0.625822 0.287364 0.105109 0.824782 1
0 0.361543 0.659269 0.787482 0.152810 0.743981 1
0 0.711691 1.241830 -0.299816 0.178345 0.849759 1
0 0.762146 0.871136 -0.353829 0.131974 0.839050 1
0 0.576756 0.980006 -0.883267 0.164396 0.806865 1
0 -0.373158 0.654765 0.773348 0.233301 0.591546 1
0 -0.787852 0.616026 0.244778 0.274749 0.503441 1
0 0.474901 -0.293464 -0.230922 0.035429 0.713079 1
0 0.664928 0.166179 0.028221 0.065083 0.778675 1
0 0.605582 0.025091 -0.606743 0.056093 0.758330 1
0 0.251673 -0.449014 -0.880152 0.042911 0.657963 1
0 0.433727 -0.094967 -0.865360 0.061820 0.715881 1
0 0.511852 1.516525 0.102197 0.230615 0.824046 1
0 0.746042 1.079173 0.136780 0.156652 0.847589 1
0 -0.000001 -0.567217 -0.758108 0.057641 0.599088 1
0 0.023515 -0.273725 0.073920 0.087359 0.620711 1
0 -0.474904 -0.293464 -0.230921 0.140128 0.516348 1
0 -0.264092 -0.534570 -0.758107 0.090347 0.546250 1
0 0.263829 -0.534570 -0.758108 0.032153 0.655598 1
0 -0.000001 -0.481661 -0.938074 0.067060 0.603971 1
0 -0.251923 -0.449014 -0.880152 0.098424 0.553655 1
0 -0.576765 0.980006 -0.883267 0.291551 0.567938 1
0 -0.762151 0.871136 -0.353829 0.300001 0.523326 1
0 -0.685964 1.227560 -0.314034 0.330841 0.559451 1
0 -0.679327 0.161281 0.006928 0.212724 0.499962 1
0 0.497066 1.474640 -0.302844 0.227634 0.818592 1
0 -0.605733 0.025091 -0.606743 0.189619 0.507433 1
0 -0.433852 -0.094967 -0.865360 0.157455 0.536181 1
0 0.580622 1.230767 0.596365 0.191575 0.821979 1
0 -0.761601 1.080417 0.072490 0.322980 0.535386 1
0 -0.580622 1.230767 0.585615 0.319582 0.581453 1
0 0.000000 0.959192 0.981239 0.225681 0.686215 1
0 -0.001529 0.633532 0.959311 0.189998 0.667310 1
0 -0.442261 1.519085 0.145618 0.336071 0.626568 1
0 0.607654 0.339340 -0.881441 0.090460 0.776695 1
0 -0.607653 0.339340 -0.881442 0.224426 0.524972 1
0 -0.546297 1.475069 -0.243925 0.342693 0.602507 1
0 -0.003058 0.307872 0.809384 0.154316 0.648404 1
0 -0.348097 -0.047479 0.372771 0.153230 0.556653 1
0 0.329835 -0.043745 0.378632 0.078911 0.697286 1
40
0.939587 -0.168382 0.298034
0.577816 -0.223048 0.785098
0.829066 0.522177 -0.199953
0.988697 0.082803 -0.124987
0.766158 0.265701 -0.585154
-0.588212 -0.215341 0.779509
-0.947684 -0.159325 0.276606
0.684698 -0.688670 0.238586
0.907868 -0.376015 0.185442
0.905432 -0.367664 -0.212169
0.570775 -0.480506 -0.665830
0.629337 -0.259194 -0.732635
0.711558 0.701761 0.034884
0.960202 0.255563 0.112692
-0.035009 -0.998620 0.039153
0.028518 -0.909751 0.414174
-0.589820 -0.764073 0.261352
-0.505114 -0.820949 -0.266276
0.460444 -0.872242 -0.164882
0.000100 -0.740843 -0.671678
-0.570705 -0.480406 -0.665962
-0.769755 0.276909 -0.575152
-0.981187 0.116546 -0.153910
-0.826488 0.530645 -0.187972
-0.909745 -0.382198 0.162140
0.627215 0.737822 -0.249441
-0.903539 -0.369096 -0.217681
-0.629281 -0.258993 -0.732754
0.763756 0.311184 0.565544
-0.943239 0.324790 0.069363
-0.768086 0.336865 0.544579
-0.008017 0.087101 0.996167
-0.009384 -0.247448 0.968856
-0.712721 0.698558 0.063598
0.626043 -0.101682 -0.773130
-0.632669 -0.110914 -0.766439
-0.671066 0.719011 -0.180811
-0.004761 -0.542020 0.840352
-0.475602 -0.657327 0.584571
0.472294 -0.655366 0.589436
52
0 37 39 38 37 39 38 1
0 0 39 1 0 39 1 1
0 2 4 3 2 4 3 1
0 38 6 5 38 6 5 1
0 39 8 7 39 8 7 1
0 9 11 10 9 11 10 1
0 2 13 12 2 13 12 1
0 14 16 15 14 16 15 1
0 14 17 16 14 17 16 1
0 18 9 10 18 9 10 1
0 15 18 14 15 18 14 1
0 15 7 18 15 7 18 1
0 19 18 10 19 18 10 1
0 19 17 14 19 17 14 1
0 19 20 17 19 20 17 1
0 21 23 22 21 23 22 1
0 18 19 14 18 19 14 1
0 38 5 37 38 5 37 1
0 38 24 6 38 24 6 1
0 25 2 12 25 2 12 1
0 38 39 15 38 39 15 1
0 26 20 27 26 20 27 1
0 26 17 20 26 17 20 1
0 28 13 0 28 13 0 1
0 22 29 6 22 29 6 1
0 30 5 6 30 5 6 1
0 13 28 12 13 28 12 1
0 13 3 0 13 3 0 1
0 29 30 6 29 30 6 1
0 30 31 5 30 31 5 1
0 31 28 1 31 28 1 1
0 1 32 31 1 32 31 1
0 1 28 0 1 28 0 1
0 15 39 7 15 39 7 1
0 38 15 16 38 15 16 1
0 5 32 37 5 32 37 1
0 39 37 1 39 37 1 1
0 32 5 31 32 5 31 1
0 32 1 37 32 1 37 1
0 22 23 29 22 23 29 1
0 23 33 29 23 33 29 1
0 13 2 3 13 2 3 1
0 29 33 30 29 33 30 1
0 11 9 34 11 9 34 1
0 26 27 35 26 27 35 1
0 8 39 0 8 39 0 1
0 24 38 16 24 38 16 1
0 9 18 7 9 18 7 1
0 17 26 16 17 26 16 1
0 36 33 23 36 33 23 1
0 8 9 7 8 9 7 1
0 26 24 16 26 24 16 1
"Mesh14" 0 14
20
0 -0.190169 0.381378 -1.007686 0.360023 0.481866 1
0 -0.137383 0.989003 -1.046825 0.397927 0.178909 1
0 -0.000019 0.454741 -1.203256 0.496564 0.445289 1
0 0.135264 0.991276 -1.043658 0.593707 0.177776 1
0 0.190166 0.381378 -0.992613 0.633131 0.481866 1
0 0.159223 0.202511 -1.028399 0.595982 0.575927 1
0 0.251673 -0.449014 -0.880152 0.677297 0.895895 1
0 -0.000001 -0.481661 -0.938074 0.496577 0.912173 1
0 -0.000001 -0.162510 -1.080710 0.496577 0.753046 1
0 -0.159223 0.202511 -1.028399 0.390625 0.578125 1
0 -0.000001 0.066270 -1.130368 0.493304 0.633057 1
0 0.576756 0.980006 -0.883267 0.910730 0.183395 1
0 0.607654 0.339340 -0.881441 0.932917 0.502827 1
0 -0.607653 0.339340 -0.881442 0.075864 0.502827 1
0 -0.576765 0.980006 -0.883267 0.098045 0.183395 1
0 -0.000042 0.246216 -1.340721 0.495536 0.518799 1
0 -0.251923 -0.449014 -0.880152 0.315679 0.895895 1
0 -0.000043 0.134071 -1.341411 0.493304 0.582520 1
0 0.433727 -0.094967 -0.865360 0.808025 0.719369 1
0 -0.433852 -0.094967 -0.865360 0.185041 0.719369 1
20
-0.518894 -0.000484 -0.854839
-0.282996 0.279208 -0.917582
0.014635 0.177082 -0.984087
0.285008 0.274875 -0.918267
0.524474 0.026393 -0.851018
0.679923 -0.091155 -0.727595
0.570775 -0.480506 -0.665830
0.000100 -0.740843 -0.671678
0.000064 -0.237370 -0.971419
-0.675636 -0.108733 -0.729173
0.000015 -0.650147 -0.759808
0.766158 0.265701 -0.585154
0.626043 -0.101682 -0.773130
-0.632669 -0.110914 -0.766439
-0.769755 0.276909 -0.575152
-0.000098 0.300507 -0.953780
-0.570705 -0.480406 -0.665962
-0.000029 -0.705974 -0.708238
0.629337 -0.259194 -0.732635
-0.629281 -0.258993 -0.732754
27
0 0 2 1 0 2 1 1
0 2 4 3 2 4 3 1
0 2 5 4 2 5 4 1
0 6 8 7 6 8 7 1
0 9 8 10 9 8 10 1
0 0 9 2 0 9 2 1
0 3 12 11 3 12 11 1
0 13 1 14 13 1 14 1
0 2 15 5 2 15 5 1
0 8 16 7 8 16 7 1
0 1 13 0 1 13 0 1
0 10 5 17 10 5 17 1
0 10 17 9 10 17 9 1
0 8 5 10 8 5 10 1
0 2 3 1 2 3 1 1
0 15 9 17 15 9 17 1
0 5 15 17 5 15 17 1
0 12 4 5 12 4 5 1
0 0 13 9 0 13 9 1
0 12 3 4 12 3 4 1
0 15 2 9 15 2 9 1
0 5 18 12 5 18 12 1
0 19 9 13 19 9 13 1
0 8 6 18 8 6 18 1
0 16 8 19 16 8 19 1
0 18 5 8 18 5 8 1
0 9 19 8 9 19 8 1
"Mesh15" 0 15
30
0 0.178896 1.720500 -0.212816 0.318055 0.511141 1
0 0.288228 1.432755 -0.707884 0.052253 0.606904 1
0 -0.000001 2.758681 -1.276579 0.138902 0.104108 1
0 0.000000 2.760352 0.345273 0.508486 0.180257 1
0 0.178896 1.720500 -0.212816 0.638461 0.619001 1
0 -0.193360 1.722578 -0.173816 0.367898 0.618140 1
0 0.000000 2.760352 0.345273 0.487481 0.149695 1
0 -0.193360 1.722578 -0.173816 0.332690 0.510450 1
0 -0.256269 1.563446 0.573777 0.613241 0.517266 1
0 0.256269 1.563446 0.573777 0.613241 0.517266 1
0 0.256269 1.563446 0.573777 0.673627 0.673631 1
0 -0.256269 1.563446 0.573777 0.342958 0.673631 1
0 0.004000 1.814647 1.430511 0.510873 0.369385 1
0 -0.193360 1.722578 -0.173816 0.332690 0.510450 1
0 -0.000001 2.758681 -1.276579 0.138902 0.104108 1
0 -0.288421 1.432750 -0.707902 0.052246 0.606905 1
0 0.256269 1.563446 0.573777 0.613241 0.517266 1
0 0.178896 1.720500 -0.212816 0.318055 0.511141 1
0 0.000000 2.760352 0.345273 0.487481 0.149695 1
0 -0.000001 2.758681 -1.276579 0.508485 0.180960 1
0 0.288228 1.432755 -0.707884 0.717925 0.738165 1
0 -0.000096 1.384753 -0.815893 0.508365 0.758044 1
0 0.000000 2.760352 0.345273 0.508486 0.180257 1
0 -0.256269 1.563446 0.573777 0.322174 0.684041 1
0 0.256269 1.563446 0.573777 0.694696 0.684041 1
0 -0.000001 2.758681 -1.276579 0.508485 0.180960 1
0 -0.288421 1.432750 -0.707902 0.298805 0.738167 1
0 -0.256269 1.563446 0.573777 0.613241 0.517266 1
0 0.000000 0.959192 0.981239 0.948288 0.503031 1
0 0.004000 1.814647 1.430511 0.774714 0.249096 1
30
0.682877 0.723322 -0.102390
0.640575 0.519366 -0.565618
0.064262 0.537643 -0.840720
-0.085828 0.996307 0.002313
0.682877 0.723322 -0.102390
-0.698364 0.711808 -0.074949
-0.085828 0.996307 0.002313
-0.698364 0.711808 -0.074949
-0.675591 0.602915 0.424346
0.654953 0.616535 0.436945
0.654953 0.616535 0.436945
-0.675591 0.602915 0.424346
0.001980 0.853482 0.521119
-0.698364 0.711808 -0.074949
0.064262 0.537643 -0.840720
-0.646219 0.508421 -0.569130
0.654953 0.616535 0.436945
0.682877 0.723322 -0.102390
-0.085828 0.996307 0.002313
0.064262 0.537643 -0.840720
0.640575 0.519366 -0.565618
0.001619 0.230377 -0.973100
-0.085828 0.996307 0.002313
-0.675591 0.602915 0.424346
0.654953 0.616535 0.436945
0.064262 0.537643 -0.840720
-0.646219 0.508421 -0.569130
-0.675591 0.602915 0.424346
-0.008017 0.087101 0.996167
0.001980 0.853482 0.521119
12
0 27 29 28 27 29 28 1
0 0 2 1 0 2 1 1
0 3 5 4 3 5 4 1
0 6 8 7 6 8 7 1
0 28 29 9 28 29 9 1
0 10 12 11 10 12 11 1
0 13 15 14 13 15 14 1
0 16 18 17 16 18 17 1
0 19 21 20 19 21 20 1
0 22 24 23 22 24 23 1
0 5 25 4 5 25 4 1
0 21 19 26 21 19 26 1
"Mesh16" 0 16
14
0 -0.576765 0.980006 -0.883267 0.032175 0.116814 1
0 -0.607653 0.339340 -0.881442 0.033674 0.609012 1
0 0.607654 0.339340 -0.881441 0.033674 0.609012 1
0 0.576756 0.980006 -0.883267 0.032175 0.116814 1
0 0.760865 0.625822 0.287364 0.957589 0.393555 1
0 0.754277 0.499197 -0.517609 0.332346 0.486201 1
0 0.762146 0.871136 -0.353829 0.466794 0.200454 1
0 0.605582 0.025091 -0.606743 0.259175 0.850437 1
0 0.664928 0.166179 0.028221 0.761161 0.747315 1
0 -0.762151 0.871136 -0.353829 0.466794 0.200454 1
0 -0.754277 0.499197 -0.517609 0.332346 0.486201 1
0 -0.787852 0.616026 0.244778 0.957589 0.393555 1
0 -0.679327 0.161281 0.006928 0.761161 0.747315 1
0 -0.605733 0.025091 -0.606743 0.259175 0.850437 1
14
-0.769755 0.276909 -0.575152
-0.632669 -0.110914 -0.766439
0.626043 -0.101682 -0.773130
0.766158 0.265701 -0.585154
0.939587 -0.168382 0.298034
0.980563 -0.124356 -0.151765
0.988697 0.082803 -0.124987
0.905432 -0.367664 -0.212169
0.907868 -0.376015 0.185442
-0.981187 0.116546 -0.153910
-0.978212 -0.122372 -0.167712
-0.947684 -0.159325 0.276606
-0.909745 -0.382198 0.162140
-0.903539 -0.369096 -0.217681
12
0 4 6 5 4 6 5 1
0 7 8 5 7 8 5 1
0 9 11 10 9 11 10 1
0 12 13 10 12 13 10 1
0 0 10 1 0 10 1 1
0 5 3 2 5 3 2 1
0 9 10 0 9 10 0 1
0 2 7 5 2 7 5 1
0 13 1 10 13 1 10 1
0 5 8 4 5 8 4 1
0 12 10 11 12 10 11 1
0 3 5 6 3 5 6 1
"Mesh17" 0 17
21
0 0.256269 1.563446 0.573777 0.691634 0.278210 1
0 0.580622 1.230767 0.596365 0.923783 0.269061 1
0 0.511852 1.516525 0.102197 0.874562 0.469230 1
0 -0.546297 1.475069 -0.243925 0.117217 0.609431 1
0 -0.193360 1.722578 -0.173816 0.369824 0.581032 1
0 0.576756 0.980006 -0.883267 0.921016 0.868405 1
0 0.288228 1.432755 -0.707884 0.714509 0.797363 1
0 0.711691 1.241830 -0.299816 0.984375 0.633057 1
0 -0.137383 0.989003 -1.046825 0.409887 0.934656 1
0 -0.000096 1.384753 -0.815893 0.508147 0.841114 1
0 0.135264 0.991276 -1.043658 0.605028 0.933374 1
0 -0.442261 1.519085 0.145618 0.191678 0.451641 1
0 0.000000 0.959192 0.981239 0.508216 0.113163 1
0 0.178896 1.720500 -0.212816 0.636257 0.596830 1
0 0.497066 1.474640 -0.302844 0.863980 0.633297 1
0 -0.685964 1.227560 -0.314034 0.017254 0.637830 1
0 -0.288421 1.432750 -0.707902 0.301786 0.797371 1
0 -0.576765 0.980006 -0.883267 0.095410 0.868405 1
0 0.000000 0.959192 0.981239 0.508216 0.113163 1
0 -0.256269 1.563446 0.573777 0.324798 0.278210 1
0 -0.580622 1.230767 0.585615 0.092650 0.273415 1
21
0.654953 0.616535 0.436945
0.763756 0.311184 0.565544
0.711558 0.701761 0.034884
-0.671066 0.719011 -0.180811
-0.698364 0.711808 -0.074949
0.766158 0.265701 -0.585154
0.640575 0.519366 -0.565618
0.829066 0.522177 -0.199953
-0.282996 0.279208 -0.917582
0.001619 0.230377 -0.973100
0.285008 0.274875 -0.918267
-0.712721 0.698558 0.063598
-0.008017 0.087101 0.996167
0.682877 0.723322 -0.102390
0.627215 0.737822 -0.249441
-0.826488 0.530645 -0.187972
-0.646219 0.508421 -0.569130
-0.769755 0.276909 -0.575152
-0.008017 0.087101 0.996167
-0.675591 0.602915 0.424346
-0.768086 0.336865 0.544579
19
0 15 17 16 15 17 16 1
0 18 20 19 18 20 19 1
0 0 2 1 0 2 1 1
0 16 3 15 16 3 15 1
0 3 16 4 3 16 4 1
0 5 7 6 5 7 6 1
0 8 9 16 8 9 16 1
0 8 16 17 8 16 17 1
0 6 10 5 6 10 5 1
0 19 11 4 19 11 4 1
0 1 12 0 1 12 0 1
0 11 19 20 11 19 20 1
0 13 14 2 13 14 2 1
0 0 13 2 0 13 2 1
0 11 3 4 11 3 4 1
0 9 10 6 9 10 6 1
0 9 8 10 9 8 10 1
0 7 14 6 7 14 6 1
0 14 13 6 14 13 6 1
"Mesh18" 0 18
16
0 -0.273679 -1.133997 0.828884 0.727905 0.957145 4
0 -0.627072 -1.133997 -0.084000 0.627790 0.786540 4
0 -0.594224 -1.133997 -1.346883 0.637096 0.550525 4
0 -0.284988 -1.133997 -1.996883 0.724701 0.429049 4
0 0.139137 -1.133997 -1.996883 0.844855 0.429049 4
0 0.433106 -1.133997 -1.346884 0.928135 0.550525 4
0 0.465954 -1.133997 -0.084001 0.937441 0.786539 4
0 0.148176 -1.133997 0.828884 0.847415 0.957145 4
0 -0.437945 -1.133997 -1.345318 0.928135 0.550525 11
0 -0.146315 -1.133997 -1.996369 0.844855 0.429049 11
0 0.277807 -1.133997 -1.997894 0.724701 0.429049 11
0 0.589378 -1.133997 -1.349011 0.637096 0.550525 11
0 0.626766 -1.133997 -0.086254 0.627790 0.786540 11
0 0.276657 -1.133997 0.827894 0.727905 0.957145 11
0 -0.145195 -1.133997 0.829411 0.847415 0.957145 11
0 -0.466253 -1.133997 -0.082325 0.937441 0.786539 11
16
-0.605506 -0.579576 0.545393
-0.612896 -0.782960 0.106452
-0.838869 -0.506087 -0.200436
-0.452083 -0.531981 -0.715973
0.453682 -0.546080 -0.704251
0.846379 -0.499022 -0.186064
0.615403 -0.782347 0.095979
0.613244 -0.592960 0.521853
-0.847043 -0.499022 -0.183020
-0.456210 -0.546080 -0.702616
0.449506 -0.531980 -0.717594
0.838143 -0.506087 -0.203451
0.613275 -0.782960 0.104249
0.607463 -0.579576 0.543213
-0.611364 -0.592959 0.524054
-0.615056 -0.782346 0.098191
12
0 2 4 3 2 4 3 1
0 2 5 4 2 5 4 1
0 6 0 7 6 0 7 1
0 6 1 0 6 1 0 1
0 1 5 2 1 5 2 1
0 1 6 5 1 6 5 1
0 8 10 9 8 10 9 1
0 8 11 10 8 11 10 1
0 12 14 13 12 14 13 1
0 12 15 14 12 15 14 1
0 15 11 8 15 11 8 1
0 15 12 11 15 12 11 1

Materials: 19
"Material0"
0.000000 0.000000 0.000000 1.000000
0.890196 0.000000 0.000000 1.000000
0.000000 0.000000 0.000000 1.000000
0.000000 0.000000 0.000000 1.000000
0.000000
1.000000
""
""
"Material1"
0.000000 0.000000 0.000000 1.000000
1.000000 1.000000 1.000000 1.000000
0.000000 0.000000 0.000000 1.000000
0.000000 0.000000 0.000000 1.000000
0.000000
1.000000
""
""
"Material2"
0.000000 0.000000 0.000000 1.000000
0.890196 0.666667 0.000000 1.000000
1.000000 1.000000 1.000000 1.000000
1.000000 1.000000 1.000000 1.000000
0.000000
1.000000
""
""
"Material3"
0.000000 0.000000 0.000000 1.000000
1.000000 0.811765 0.623529 1.000000
0.000000 0.000000 0.000000 1.000000
0.000000 0.000000 0.000000 1.000000
0.000000
1.000000
""
""
"Material4"
0.500000 0.500000 0.500000 1.000000
0.310734 0.310734 0.310734 1.000000
0.000000 0.000000 0.000000 1.000000
0.000000 0.000000 0.000000 1.000000
0.000000
1.000000
""
""
"Material5"
0.000000 0.000000 0.000000 1.000000
1.000000 0.790960 0.610169 1.000000
0.000000 0.000000 0.000000 1.000000
0.000000 0.000000 0.000000 1.000000
0.000000
1.000000
""
""
"Material6"
1.000000 1.000000 1.000000 1.000000
1.000000 1.000000 1.000000 1.000000
0.000000 0.000000 0.000000 1.000000
0.000000 0.000000 0.000000 1.000000
0.000000
1.000000
"accessories03.bmp"
""
"Material7"
1.000000 1.000000 1.000000 1.000000
1.000000 1.000000 1.000000 1.000000
0.000000 0.000000 0.000000 1.000000
0.000000 0.000000 0.000000 1.000000
0.000000
1.000000
"accessories.bmp"
""
"Material8"
1.000000 1.000000 1.000000 1.000000
1.000000 1.000000 1.000000 1.000000
1.000000 1.000000 1.000000 1.000000
1.000000 1.000000 1.000000 1.000000
0.000000
1.000000
"accessories03.bmp"
""
"Material9"
1.000000 1.000000 1.000000 1.000000
1.000000 1.000000 1.000000 1.000000
0.000000 0.000000 0.000000 1.000000
0.000000 0.000000 0.000000 1.000000
0.000000
1.000000
"accessories02.bmp"
""
"Material10"
1.000000 1.000000 1.000000 1.000000
1.000000 1.000000 1.000000 1.000000
0.000000 0.000000 0.000000 1.000000
0.000000 0.000000 0.000000 1.000000
0.000000
1.000000
"skin.bmp"
""
"Material11"
1.000000 1.000000 1.000000 1.000000
1.000000 1.000000 1.000000 1.000000
1.000000 1.000000 1.000000 1.000000
1.000000 1.000000 1.000000 1.000000
0.000000
1.000000
"accessories.bmp"
""
"Material12"
1.000000 1.000000 1.000000 1.000000
1.000000 1.000000 1.000000 1.000000
0.000000 0.000000 0.000000 1.000000
0.000000 0.000000 0.000000 1.000000
0.000000
1.000000
"back_straps.bmp"
""
"Material13"
1.000000 1.000000 1.000000 1.000000
1.000000 1.000000 1.000000 1.000000
0.000000 0.000000 0.000000 1.000000
0.000000 0.000000 0.000000 1.000000
0.000000
1.000000
"s0_spanky.bmp"
""
"Material14"
1.000000 1.000000 1.000000 1.000000
1.000000 1.000000 1.000000 1.000000
0.000000 0.000000 0.000000 1.000000
0.000000 0.000000 0.000000 1.000000
0.000000
1.000000
"face.ini"
""
"Material15"
1.000000 1.000000 1.000000 1.000000
1.000000 1.000000 1.000000 1.000000
0.000000 0.000000 0.000000 1.000000
0.000000 0.000000 0.000000 1.000000
0.000000
1.000000
"hair.bmp"
""
"Material16"
1.000000 1.000000 1.000000 1.000000
1.000000 1.000000 1.000000 1.000000
0.000000 0.000000 0.000000 1.000000
0.000000 0.000000 0.000000 1.000000
0.000000
1.000000
"ear.bmp"
""
"Material17"
1.000000 1.000000 1.000000 1.000000
1.000000 1.000000 1.000000 1.000000
0.000000 0.000000 0.000000 1.000000
0.000000 0.000000 0.000000 1.000000
0.000000
1.000000
"top_head.bmp"
""
"Material18"
1.000000 1.000000 1.000000 1.000000
1.000000 1.000000 1.000000 1.000000
0.000000 0.000000 0.000000 1.000000
0.000000 0.000000 0.000000 1.000000
0.000000
1.000000
"head_side.bmp"
""

Bones: 16
"torso"
""
8 0 0 0 0 0 0
0
0
"head"
""
8 0 0 0 0 0 0
0
0
"pelvis"
""
8 0 0 0 0 0 0
0
0
"r lower arm"
""
8 0 0 0 0 0 0
0
0
"r foot"
""
8 0 0 0 0 0 0
0
0
"r hand"
""
8 0 0 0 0 0 0
0
0
"r leg"
""
8 0 0 0 0 0 0
0
0
"r thigh"
""
8 0 0 0 0 0 0
0
0
"r upper arm"
""
8 0 0 0 0 0 0
0
0
"neck"
""
8 0 0 0 0 0 0
0
0
"l lower arm"
""
8 0 0 0 0 0 0
0
0
"l foot"
""
8 0 0 0 0 0 0
0
0
"l hand"
""
8 0 0 0 0 0 0
0
0
"l leg"
""
8 0 0 0 0 0 0
0
0
"l thigh"
""
8 0 0 0 0 0 0
0
0
"l upper arm"
""
8 0 0 0 0 0 0
0
0
