// MilkShape 3D ASCII

Frames: 30
Frame: 1

Meshes: 3
"main" 2 0
920
2 0.075023 0.442135 -1.934298 0.041000 0.009800 1
2 0.206207 0.516856 -1.858237 0.050800 0.013700 1
2 0.340031 0.441329 -1.904957 0.060500 0.011700 1
2 0.598894 0.426932 -1.542569 0.078100 0.033200 1
2 0.548481 0.597408 -0.724504 0.074200 0.082000 1
2 0.833239 0.430283 0.148915 0.093800 0.134800 1
2 0.670437 0.600513 0.188314 0.082000 0.136700 1
2 0.570203 0.303718 1.044953 0.072300 0.187500 1
2 0.393526 0.590011 0.843413 0.060500 0.175800 1
2 -0.104600 0.619559 1.226486 0.025400 0.197300 1
2 -0.141955 0.869504 0.203730 0.025400 0.136700 1
2 -0.618381 0.590011 0.860818 0.060500 0.175800 1
2 -0.709205 0.777767 0.213439 0.066400 0.136700 1
2 -0.918331 0.600513 0.215638 0.082000 0.136700 1
2 -0.826374 0.597408 -0.700858 0.074200 0.082000 1
2 -1.082421 0.430283 0.181860 0.093800 0.134800 1
2 -0.908143 0.426932 -1.516652 0.078100 0.033200 1
2 0.207925 -1.074929 -0.657836 0.185500 0.685500 8
2 0.203490 -1.038507 0.431350 0.177700 0.796900 8
2 0.320220 -1.798598 -0.148067 0.273400 0.738300 8
2 -0.250698 -1.813972 0.608348 0.275400 0.814500 8
2 -0.013738 -0.309500 0.586555 0.109400 0.810500 8
2 -0.299844 -0.302319 0.536020 0.105500 0.822300 8
2 -0.070423 0.095256 0.178209 0.062500 0.773400 8
2 -0.038112 0.565046 0.184903 0.009800 0.771500 8
2 0.001571 0.239774 -0.178337 0.046900 0.734400 8
2 -0.051417 0.564888 -0.537651 0.009800 0.697300 8
2 -0.077647 0.065162 -0.536490 0.066400 0.697300 8
2 -0.311403 -0.263323 -0.884500 0.097700 0.650400 8
2 -0.155958 -0.310658 -0.921854 0.103500 0.662100 8
2 -0.240746 -0.899603 -0.997412 0.173800 0.650400 8
2 -0.347747 -1.799944 -0.951864 0.273400 0.654300 8
2 0.356080 -1.723766 -0.999570 0.273400 0.654300 15
2 -0.285143 -1.724753 -0.173214 0.273400 0.738300 15
2 -0.191280 -0.999065 -0.688941 0.185500 0.685500 15
2 -0.147955 -0.964668 0.401843 0.177700 0.796900 15
2 0.314612 -1.739881 0.563074 0.275400 0.814500 15
2 0.072842 -0.235540 0.547784 0.109400 0.810500 15
2 0.358798 -0.228475 0.489140 0.105500 0.822300 15
2 0.116513 0.171147 0.137002 0.062500 0.773400 15
2 0.084496 0.640959 0.147193 0.009800 0.771500 15
2 0.034619 0.313845 -0.214465 0.046900 0.734400 15
2 0.072178 0.640848 -0.575403 0.009800 0.697300 15
2 0.098729 0.139029 -0.575078 0.066400 0.697300 15
2 0.322360 -0.189320 -0.933323 0.097700 0.650400 15
2 0.163679 -0.236178 -0.965181 0.103500 0.662100 15
2 0.245380 -0.825765 -1.041325 0.173800 0.650400 15
2 1.639627 -1.209610 0.537690 0.617200 0.584000 2
2 1.236507 -1.313949 1.373748 0.668000 0.587900 2
2 1.035949 -0.804573 0.306042 0.603500 0.714800 14
2 0.576580 -0.824578 1.094665 0.658200 0.709000 14
2 0.440500 -2.113921 1.473568 0.759800 0.652300 2
2 -0.426273 -0.815003 1.180847 0.755900 0.691400 14
2 0.097893 -1.923710 0.431401 0.798800 0.630900 2
2 -0.759414 -1.411771 0.336349 0.796900 0.744100 14
2 0.377695 -1.633208 -0.456730 0.841800 0.615200 2
2 -0.010731 -1.179892 -0.996586 0.878900 0.736300 14
2 1.314681 -1.112681 -0.385596 0.939500 0.584000 2
2 0.751608 -1.257600 -0.587880 0.949200 0.757800 14
2 1.035949 -0.804573 0.306042 0.998000 0.720700 14
2 0.388430 0.683225 -0.188212 0.959000 0.869100 13
2 -0.418203 0.336219 -0.727319 0.793000 0.017600 9
2 0.295664 0.336219 -0.739597 0.753900 0.017600 9
2 0.288570 -0.238458 -0.733197 0.753900 0.056600 9
2 0.672510 0.077642 0.039189 0.707000 0.056600 9
2 0.667524 0.433623 0.028711 0.709000 0.017600 9
2 0.299154 0.127717 0.814938 0.662100 0.056600 9
2 0.323101 0.531004 0.809314 0.662100 0.017600 9
2 -0.388264 0.127717 0.826761 0.662100 0.056600 9
2 -0.390761 0.531004 0.821591 0.662100 0.017600 9
2 -0.769629 0.077642 0.063993 0.707000 0.056600 9
2 -0.762612 0.433623 0.053305 0.709000 0.017600 9
2 -0.408472 -0.238458 -0.721208 0.753900 0.056600 9
2 -0.418203 0.336219 -0.727319 0.753900 0.017600 9
2 -0.876759 -0.779810 0.363353 0.998000 0.720700 7
2 -1.358413 -1.076332 -0.326711 0.939500 0.584000 2
2 -0.624285 -1.233066 -0.537451 0.949200 0.757800 7
2 0.123153 -1.155317 -0.972101 0.878900 0.736300 7
2 -0.423768 -1.634221 -0.441833 0.841800 0.615200 2
2 0.915870 -1.388839 0.331744 0.796900 0.744100 7
2 -0.116040 -1.923710 0.435080 0.798800 0.630900 2
2 0.615520 -0.790278 1.187349 0.755900 0.691400 7
2 -0.421299 -2.148808 1.455888 0.759800 0.652300 2
2 -0.392451 -0.801823 1.137928 0.658200 0.709000 7
2 -1.219570 -1.345764 1.420465 0.668000 0.587900 2
2 -0.876759 -0.779810 0.363353 0.603500 0.714800 7
2 -1.650563 -1.207867 0.603588 0.617200 0.584000 2
2 -0.822191 -0.889635 -0.345562 0.125000 0.414100 13
2 -0.242380 -1.908518 0.971919 0.082000 0.484400 13
2 -0.394276 -0.907522 0.817548 0.082000 0.419900 13
2 0.552915 -1.850850 1.028884 0.044900 0.484400 13
2 -0.509471 1.250159 0.657180 0.082000 0.521500 11
2 0.032884 1.318836 0.648139 0.052700 0.521500 11
2 -0.458089 0.100861 1.004025 0.084000 0.605500 11
2 0.409623 0.100861 0.989103 0.043000 0.605500 11
2 -0.053613 -0.318543 1.035137 0.064500 0.627000 11
2 0.599191 -0.318590 0.832027 0.033200 0.627000 11
2 -0.054824 -0.532461 0.966534 0.064500 0.646500 11
2 0.509987 -0.532527 0.682028 0.037100 0.646500 11
2 -0.578867 -0.532527 0.700754 0.835900 0.377000 11
2 -0.653102 -0.318590 0.853567 0.837900 0.369100 11
2 -0.651912 -0.537004 -0.165018 0.853500 0.410200 11
2 -0.726789 -0.425907 -0.320131 0.859400 0.412100 11
2 -0.733311 0.496827 -0.145094 0.878900 0.377000 11
2 -0.733962 -0.537173 -0.725054 0.871100 0.421900 11
2 -0.549056 0.328751 -1.280559 0.902300 0.419900 11
2 -0.733886 -0.499474 -1.806443 0.884800 0.486300 11
2 -0.556202 0.140136 -1.684207 0.902300 0.449200 11
2 -0.562498 -0.499550 -2.039182 0.902300 0.511700 11
2 -0.421662 -0.073833 -1.961224 0.912100 0.472700 11
2 -0.095481 -0.038218 -2.142161 0.931600 0.482400 11
2 0.913624 -0.363870 0.207986 0.419900 0.478500 1
2 0.871092 -0.282019 -0.292717 0.418000 0.527300 1
2 0.800241 0.001234 0.186412 0.437500 0.525400 1
2 0.728331 -0.379197 -0.479519 0.398400 0.548800 1
2 0.801385 -0.902660 -0.291541 0.349600 0.531200 1
2 0.519000 -0.725213 -1.167159 0.378900 0.584000 1
2 0.380005 -1.108479 -1.004936 0.345700 0.582000 1
2 0.127520 -1.151947 -1.278190 0.335900 0.621100 1
2 0.295664 0.336219 -0.739597 0.308600 0.613300 9
2 -0.425290 -1.151947 -1.268681 0.335900 0.656200 1
2 -0.418203 0.336219 -0.727319 0.308600 0.666000 9
2 -0.217628 -0.309392 -0.519926 0.357400 0.683600 3
2 0.232333 -0.526889 -0.612404 0.392600 0.712900 3
2 -0.312126 -1.013685 -0.469974 0.437500 0.679700 3
2 0.302429 -1.320484 -0.606312 0.470700 0.714800 3
2 0.738481 -0.525957 0.075492 0.392600 0.761700 3
2 0.753864 -1.320271 0.004344 0.470700 0.757800 3
2 0.489868 -1.004938 0.601462 0.443400 0.806600 3
2 0.467451 -2.029371 0.040921 0.556600 0.755900 3
2 0.377293 -2.174176 0.332587 0.568400 0.775400 3
2 0.469177 -2.344528 0.174913 0.593800 0.761700 3
2 0.147302 -2.297236 0.410003 0.585900 0.787100 3
2 1.280432 0.147976 0.163381 0.443400 0.402300 0
2 0.900885 0.004369 1.674368 0.580100 0.433600 0
2 1.383783 0.065239 0.161296 0.443400 0.412100 0
2 1.383830 -0.189875 0.163948 0.443400 0.429700 0
2 1.273196 -0.265761 0.161965 0.443400 0.437500 0
2 0.946952 -0.297296 -0.612597 0.322300 0.431600 0
2 0.951361 -0.372552 -0.498938 0.322300 0.439500 0
2 -0.016274 -0.343066 -0.968673 0.224600 0.433600 0
2 -0.007365 -0.441169 -0.736854 0.226600 0.445300 0
2 -0.961490 -0.297296 -0.579774 0.130900 0.431600 0
2 -0.959479 -0.372552 -0.466100 0.130900 0.439500 0
2 -0.504740 -1.989351 0.481364 0.289100 0.841800 8
2 -0.057628 -2.339664 0.217670 0.335900 0.843700 8
2 -0.495127 -2.338132 0.221143 0.335900 0.843700 8
2 -0.923903 -2.113310 0.100310 0.308600 0.871100 8
2 -0.830493 -2.335279 -0.149266 0.335900 0.896500 8
2 -0.933841 -2.113370 -0.439848 0.308600 0.927700 8
2 -0.694115 -2.336826 -0.481136 0.335900 0.933600 8
2 -0.602302 -1.973791 -0.853745 0.287100 0.966800 8
2 -0.215039 -2.339128 -0.587264 0.334000 0.959000 8
2 -0.347747 -1.799944 -0.951864 0.277300 0.982400 8
2 -0.718704 -0.700878 -0.315684 0.994100 0.197300 6
2 0.100517 1.350047 -0.606534 0.945300 0.320300 4
2 -0.148067 1.468320 -0.115317 0.976600 0.314500 4
2 -0.217723 0.503914 -0.875650 0.951200 0.384800 4
2 0.508163 0.503914 -0.888134 0.910200 0.384800 4
2 -0.358612 0.296211 -1.228478 0.964800 0.419900 4
2 0.638869 0.296211 -1.245632 0.902300 0.419900 4
2 -0.365762 0.109715 -1.632145 0.964800 0.449200 4
2 0.631714 0.107596 -1.649302 0.902300 0.449200 4
2 0.155039 -0.070785 -2.091137 0.931600 0.482400 4
2 0.485037 -0.106373 -1.921486 0.912100 0.472700 4
2 0.479724 -0.900268 0.836444 0.082000 0.419900 6
2 -0.461789 -1.843291 1.080264 0.044900 0.484400 6
2 0.330938 -1.901128 0.993623 0.082000 0.484400 6
2 0.666755 1.218653 0.690910 0.082000 0.521500 4
2 0.124420 1.287329 0.700521 0.052700 0.521500 4
2 0.626479 0.068322 1.040706 0.084000 0.605500 4
2 -0.238813 0.068322 1.055587 0.043000 0.605500 4
2 0.225756 -0.351099 1.085669 0.064500 0.627000 4
2 -0.433815 -0.351130 0.905126 0.033200 0.627000 4
2 0.224539 -0.565009 1.017083 0.064500 0.646500 4
2 -0.349967 -0.565084 0.752172 0.037100 0.646500 4
2 0.883564 -0.252926 1.646808 0.576200 0.464800 0
2 1.328475 -0.728318 0.542425 0.480500 0.488300 2
2 1.095447 -0.657220 0.011022 0.384800 0.462900 2
2 0.661116 -0.848190 -0.483660 0.296900 0.480500 2
2 0.209149 -1.406082 -0.752843 0.250000 0.531200 2
2 -0.269169 -1.406082 -0.744616 0.201200 0.531200 2
2 -0.221069 -1.842063 -0.065383 0.205100 0.572300 2
2 0.356080 -1.723766 -0.999570 0.277300 0.982400 15
2 0.611862 -1.899946 -0.910181 0.287100 0.966800 15
2 0.234181 -2.265337 -0.635495 0.334000 0.959000 15
2 0.719371 -2.264871 -0.545905 0.335900 0.933600 15
2 0.957845 -2.039580 -0.510302 0.308600 0.927700 15
2 0.867796 -2.265368 -0.214202 0.335900 0.896500 15
2 0.966802 -2.037375 0.032167 0.308600 0.871100 15
2 0.545532 -2.266105 0.172264 0.335900 0.843700 15
2 0.561383 -1.913424 0.427405 0.289100 0.841800 15
2 0.105483 -2.265788 0.183837 0.335900 0.843700 15
2 -0.093307 -2.283639 0.342019 0.585900 0.787100 10
2 -0.326703 -2.160098 0.270347 0.568400 0.775400 10
2 -0.422440 -2.332955 0.115799 0.593800 0.761700 10
2 -0.426878 -2.017346 -0.018077 0.556600 0.755900 10
2 -0.429396 -0.992969 0.545264 0.443400 0.806600 10
2 -0.714418 -1.308263 -0.044782 0.470700 0.757800 10
2 -0.696539 -0.513963 0.025796 0.392600 0.761700 10
2 -0.284878 -1.308461 -0.670584 0.470700 0.714800 10
2 -0.215358 -0.512772 -0.681420 0.392600 0.712900 10
2 0.334092 -1.001641 -0.557852 0.437500 0.679700 10
2 0.237894 -0.297347 -0.604501 0.357400 0.683600 10
2 0.625432 -0.532089 -2.004280 0.902300 0.511700 4
2 0.802559 -0.532014 -1.777534 0.884800 0.486300 4
2 0.840946 -0.569713 -0.696806 0.871100 0.421900 4
2 0.863229 0.464288 -0.117192 0.878900 0.377000 4
2 0.848103 -0.458446 -0.291882 0.859400 0.412100 4
2 0.818447 -0.351130 0.883589 0.837900 0.369100 4
2 0.778777 -0.569544 -0.134290 0.853500 0.410200 4
2 0.736445 -0.565067 0.733486 0.835900 0.377000 4
2 0.441300 0.140136 -1.701359 0.964800 0.449200 11
2 0.448452 0.328751 -1.297715 0.964800 0.419900 11
2 -0.405762 0.536453 -0.927751 0.910200 0.384800 11
2 0.317741 0.536453 -0.940193 0.951200 0.384800 11
2 0.010152 1.383594 -0.659132 0.945300 0.320300 11
2 0.278708 1.499943 -0.178987 0.976600 0.314500 11
2 0.759926 -0.706192 -0.372867 0.994100 0.197300 13
2 -0.820655 -0.353676 -0.920823 0.396500 0.582000 1
2 -1.118493 0.114407 0.181224 0.447300 0.523400 1
2 -1.009570 0.105671 0.087223 0.449200 0.531200 1
2 -0.970502 0.369314 0.120450 0.460900 0.533200 1
2 -1.082421 0.430283 0.181860 0.457000 0.525400 1
2 -0.678411 0.345637 -0.898796 0.490200 0.566400 1
2 -0.908143 0.426932 -1.516652 0.527300 0.543000 1
2 -0.385210 0.405413 -1.448844 0.521500 0.595700 1
2 -0.662266 0.441329 -1.887716 0.546900 0.566400 1
2 -0.398474 0.442135 -1.926153 0.554700 0.597700 1
2 -0.861646 -1.181529 -0.620704 0.205100 0.947300 8
2 -0.615975 -0.706941 0.040318 0.150400 0.884800 8
2 -0.623809 -0.708309 -0.376625 0.150400 0.912100 8
2 -0.849321 -1.197586 0.291949 0.207000 0.849600 8
2 -0.240746 -0.899603 -0.997412 0.171900 0.986300 8
2 -0.311403 -0.263323 -0.884500 0.101600 0.974600 8
2 0.461392 -0.731870 0.408528 0.408200 0.630900 5
2 0.469177 -2.344528 0.174913 0.418000 0.668000 3
2 0.147302 -2.297236 0.410003 0.398400 0.671900 3
2 0.205247 -2.326803 -0.375678 0.460900 0.669900 3
2 0.045552 -0.738783 -0.157197 0.455100 0.630900 5
2 0.136716 -0.777040 -0.041932 0.443400 0.627000 5
2 0.169732 -1.093164 -0.075831 0.445300 0.605500 5
2 0.498985 -1.097546 0.331884 0.414100 0.605500 5
2 0.197340 -0.722181 0.635622 0.390600 0.630900 5
2 0.204856 -0.351586 -0.552261 0.474600 0.013700 5
2 -0.094934 -0.339653 -0.429938 0.453100 0.017600 5
2 0.205247 -2.326803 -0.375678 0.455100 0.002000 3
2 -0.271859 -2.301194 -0.089079 0.414100 0.003900 3
2 -0.044535 -0.639284 -0.312925 0.443400 0.041000 5
2 -0.307486 -0.734824 -0.027565 0.419900 0.048800 5
2 0.045552 -0.738783 -0.157197 0.431600 0.052700 5
2 -0.146459 -1.220750 -0.109955 0.427700 0.085900 5
2 0.057032 -1.106199 -0.211075 0.439500 0.082000 5
2 0.168595 -1.566572 -0.298634 0.445300 0.115200 5
2 0.879312 -1.107651 -0.686199 0.205100 0.947300 15
2 0.245380 -0.825765 -1.041325 0.171900 0.986300 15
2 0.322360 -0.189320 -0.933323 0.101600 0.974600 15
2 0.901684 -1.123515 0.226287 0.207000 0.849600 15
2 0.659539 -0.632930 -0.019553 0.150400 0.884800 15
2 0.652363 -0.632154 -0.434170 0.150400 0.912100 15
2 0.270283 -1.139397 -0.149926 0.427700 0.085900 12
2 0.433056 -0.652880 -0.071330 0.419900 0.048800 12
2 0.275325 -0.691372 0.137932 0.402300 0.050800 12
2 0.072153 -0.656362 -0.191954 0.431600 0.052700 12
2 0.058689 -1.022364 -0.244624 0.439500 0.082000 12
2 -0.185723 -1.426090 -0.399993 0.445300 0.115200 12
2 -0.034657 -1.492498 -0.302408 0.435500 0.117200 12
2 -0.114934 -1.520670 -0.203116 0.427700 0.119100 12
2 0.174879 -1.126732 0.010667 0.414100 0.084000 12
2 -0.153356 0.812906 -0.711817 0.025400 0.082000 1
2 0.155786 0.663891 -1.040097 0.046900 0.062500 1
2 -0.445112 0.663891 -1.029762 0.003900 0.062500 1
2 0.461347 0.777767 0.193307 0.066400 0.136700 1
2 -0.445112 0.663891 -1.029762 0.046900 0.062500 1
2 -0.278273 1.997333 -1.098864 0.205100 0.216800 0
2 -0.274592 1.807009 -1.162133 0.207000 0.236300 0
2 -0.946480 2.077302 -0.952269 0.154300 0.209000 0
2 -0.265636 1.487443 -1.199762 0.207000 0.257800 0
2 0.249393 1.809107 -1.171024 0.246100 0.236300 0
2 0.236706 1.487443 -1.208403 0.246100 0.257800 0
2 0.923505 2.077302 -0.984428 0.298800 0.209000 0
2 1.355025 1.244586 -0.919079 0.332000 0.283200 0
2 1.447123 2.391619 -0.469990 0.337900 0.173800 0
2 0.340031 0.441329 -1.904957 0.546900 0.566400 1
2 0.598894 0.426932 -1.542569 0.527300 0.543000 1
2 0.078680 0.405422 -1.456823 0.521500 0.595700 1
2 0.391185 0.345637 -0.917190 0.490200 0.566400 1
2 0.833239 0.430283 0.148915 0.457000 0.525400 1
2 0.719202 0.369314 0.091390 0.460900 0.533200 1
2 0.869273 0.114407 0.147039 0.447300 0.523400 1
2 0.759473 0.105671 0.056802 0.449200 0.531200 1
2 0.534965 -0.353676 -0.944136 0.396500 0.582000 1
2 0.220394 -2.033350 -0.345806 0.556600 0.718700 3
2 -0.026889 -2.178766 -0.309691 0.568400 0.701200 3
2 0.205247 -2.326803 -0.375678 0.587900 0.712900 3
2 -0.217628 -0.309392 -0.519926 0.369100 0.980500 3
2 -0.312126 -1.013685 -0.469974 0.449200 0.968700 3
2 -0.375763 -0.330582 -0.031784 0.375000 0.931600 3
2 -0.448010 -1.216702 0.099121 0.468800 0.925800 3
2 -0.241054 -2.065156 0.028968 0.562500 0.925800 3
2 -0.088022 -1.221497 0.505178 0.468800 0.863300 3
2 0.032975 -2.067615 0.348860 0.562500 0.861300 3
2 0.377293 -2.174176 0.332587 0.576200 0.820300 3
2 -0.016866 0.253793 -1.001732 0.224600 0.369100 0
2 -0.990418 0.142620 -0.582689 0.132800 0.390600 0
2 -0.962376 0.223349 -0.492085 0.132800 0.380900 0
2 0.973302 0.142620 -0.616462 0.322300 0.392600 0
2 0.958089 0.223349 -0.525113 0.322300 0.380900 0
2 -0.014998 0.336801 -0.759204 0.224600 0.359400 0
2 -0.418203 0.336219 -0.727319 0.308600 0.613300 9
2 -0.667958 -1.108479 -0.986912 0.345700 0.582000 1
2 -0.425290 -1.151947 -1.268681 0.335900 0.621100 1
2 -0.814990 -0.725213 -1.144219 0.378900 0.584000 1
2 -1.063797 -0.902660 -0.259463 0.349600 0.531200 1
2 -0.930231 -0.377918 -0.456087 0.398400 0.548800 1
2 -1.133496 -0.282019 -0.258240 0.418000 0.527300 1
2 -1.045711 0.001234 0.218161 0.437500 0.525400 1
2 -1.160701 -0.364257 0.241340 0.419900 0.478500 1
2 -0.105327 -0.780016 1.184944 0.103500 0.341800 1
2 -0.682170 -0.779570 0.924928 0.062500 0.341800 1
2 -0.390761 0.531004 0.821591 0.078100 0.361300 9
2 -0.712940 0.025876 0.816866 0.060500 0.261700 1
2 -0.109748 0.026696 1.071335 0.103500 0.261700 1
2 0.486454 0.025876 0.796239 0.060500 0.261700 1
2 0.461934 -0.779570 0.905249 0.062500 0.341800 1
2 0.323101 0.531004 0.809314 0.078100 0.361300 9
2 -0.390761 0.531004 0.821591 0.128900 0.361300 9
2 0.955238 1.341378 -0.135951 0.890600 0.302700 4
2 0.642828 1.281382 -0.616147 0.912100 0.320300 4
2 0.863744 -0.882231 -0.342994 0.871100 0.197300 6
2 0.587424 -0.770911 -0.891279 0.900400 0.189500 6
2 -0.462275 -0.642268 -0.874672 0.964800 0.189500 6
2 -0.448455 -0.572486 -0.736134 0.970700 0.183600 6
2 -0.565420 -0.186613 -0.319291 0.980500 0.162100 6
2 -0.345512 -0.418127 0.980074 0.039100 0.396500 6
2 -0.383406 -0.668313 0.981367 0.041000 0.410200 6
2 0.595252 -0.786114 0.965862 0.085900 0.410200 6
2 -0.718704 -0.700878 -0.315684 0.002000 0.414100 6
2 -0.565420 -0.186613 -0.319291 0.002000 0.386700 6
2 -0.230666 -0.286341 0.789559 0.044900 0.386700 6
2 0.557163 -0.383022 0.775325 0.082000 0.386700 6
2 0.632806 -0.538034 0.964766 0.085900 0.398400 6
2 0.866744 -0.351663 -0.343709 0.121100 0.386700 6
2 0.863744 -0.882231 -0.342994 0.125000 0.414100 6
2 -0.308083 -0.803584 0.850679 0.044900 0.419900 6
2 -0.106523 -0.539973 -0.602838 0.468800 0.031200 5
2 0.226307 -0.722254 -0.647129 0.484400 0.041000 5
2 -0.013302 -0.699777 -0.421698 0.453100 0.044900 5
2 -0.075397 -1.047580 -0.700761 0.478500 0.070300 5
2 0.182748 -0.903652 -0.728181 0.486300 0.058600 5
2 1.009406 0.630932 1.829042 0.578100 0.355500 0
2 1.302027 0.412420 0.160404 0.441400 0.369100 0
2 1.211366 0.649680 1.829028 0.580100 0.328100 0
2 1.544842 0.475268 0.159852 0.441400 0.343700 0
2 1.162201 1.051000 -0.675524 0.316400 0.302700 0
2 -0.003228 1.297673 -0.909243 0.226600 0.279300 0
2 -0.193670 -2.021334 -0.413057 0.556600 0.718700 10
2 -0.179025 -2.315330 -0.441311 0.587900 0.712900 10
2 0.054728 -2.166728 -0.387837 0.568400 0.701200 10
2 -0.326703 -2.160098 0.270347 0.576200 0.820300 10
2 0.018271 -2.055597 0.274741 0.562500 0.861300 10
2 0.146860 -1.207161 0.426795 0.468800 0.863300 10
2 0.280821 -2.053129 -0.054390 0.562500 0.925800 10
2 0.490108 -1.204690 0.008606 0.468800 0.925800 10
2 0.334092 -1.001641 -0.557852 0.449200 0.968700 10
2 0.415681 -0.318350 -0.119770 0.375000 0.931600 10
2 0.237894 -0.297347 -0.604501 0.369100 0.980500 10
2 -0.422440 -2.332955 0.115799 0.418000 0.668000 10
2 -0.321693 -0.649688 0.389353 0.408200 0.630900 12
2 -0.093307 -2.283639 0.342019 0.398400 0.671900 10
2 -0.048053 -0.639895 0.605502 0.390600 0.630900 12
2 -0.423022 -0.843102 0.313979 0.414100 0.605500 12
2 -0.389520 -1.036568 0.375640 0.402300 0.599600 12
2 -0.596596 -0.653702 0.116610 0.423800 0.574200 12
2 -0.704322 -0.817796 0.129571 0.418000 0.566400 12
2 -0.614374 -0.816246 -0.314067 0.451200 0.560500 12
2 -0.048053 -0.639895 0.605502 0.363300 0.048800 12
2 -0.093307 -2.283639 0.342019 0.371100 0.003900 10
2 0.306568 -2.287473 -0.174251 0.414100 0.003900 10
2 0.160465 -0.558220 -0.347125 0.443400 0.041000 12
2 0.206897 -0.257196 -0.467511 0.453100 0.017600 12
2 0.211916 -0.459470 -0.641833 0.468800 0.031200 12
2 -0.097258 -0.270577 -0.577720 0.474600 0.013700 12
2 -0.124215 -0.639564 -0.673459 0.484400 0.041000 12
2 -0.179025 -2.315330 -0.441311 0.460900 0.669900 10
2 0.072153 -0.656362 -0.191954 0.455100 0.630900 12
2 -0.097258 -0.270577 -0.577720 0.484400 0.658200 12
2 0.160465 -0.558220 -0.347125 0.464800 0.636700 12
2 -0.124215 -0.639564 -0.673459 0.490200 0.630900 12
2 0.122688 -0.619838 -0.455425 0.472700 0.632800 12
2 0.098790 -0.929615 -0.599498 0.484400 0.611300 12
2 -0.114934 -1.520670 -0.203116 0.468800 0.574200 12
2 0.174879 -1.126732 0.010667 0.462900 0.607400 12
2 -0.251041 -1.458442 -0.306647 0.478500 0.576200 12
2 -0.021635 -1.022162 -0.133201 0.472700 0.607400 12
2 0.275325 -0.691372 0.137932 0.459000 0.628900 12
2 -0.013223 -0.694541 -0.075334 0.466800 0.628900 12
2 -0.195963 -1.123266 -0.112223 0.462900 0.607400 12
2 -0.214919 -0.921906 -0.152905 0.472700 0.607400 12
2 -0.526139 -0.683537 -0.302033 0.478500 0.576200 12
2 0.299154 0.127717 0.814938 0.201200 0.048800 9
2 -0.388264 0.127717 0.826761 0.252000 0.048800 9
2 0.682635 3.016448 2.247894 0.181600 0.007800 0
2 -0.603279 3.018529 2.270149 0.271500 0.007800 0
2 -0.769629 0.077642 0.063993 0.277300 0.087900 9
2 -0.989948 2.906562 0.394007 0.304700 0.103500 0
2 -0.408472 -0.238458 -0.721208 0.250000 0.134800 9
2 -0.927370 2.370190 -0.280948 0.291000 0.166000 0
2 -0.721792 2.253214 -0.483405 0.275400 0.179700 0
2 -0.349967 -0.565084 0.752172 0.835900 0.377000 4
2 -0.433815 -0.351130 0.905126 0.837900 0.369100 4
2 -0.415795 -0.569544 -0.113745 0.853500 0.410200 4
2 -0.488274 -0.458446 -0.268898 0.859400 0.412100 4
2 -0.494835 0.476873 -0.096204 0.878900 0.377000 4
2 -0.495444 -0.569713 -0.673822 0.871100 0.421900 4
2 -0.358612 0.296211 -1.228478 0.902300 0.419900 4
2 -0.514596 -0.532014 -1.754881 0.884800 0.486300 4
2 -0.365762 0.109715 -1.632145 0.902300 0.449200 4
2 0.759926 -0.706192 -0.372867 0.002000 0.414100 13
2 0.470752 -0.673647 0.934925 0.041000 0.410200 13
2 0.393577 -0.810839 0.804686 0.044900 0.419900 13
2 -0.507504 -0.793686 0.950897 0.085900 0.410200 13
2 -0.545418 -0.543512 0.950909 0.085900 0.398400 13
2 -0.825543 -0.356982 -0.346356 0.121100 0.386700 13
2 -0.473792 -0.390111 0.761495 0.082000 0.386700 13
2 0.433184 -0.425523 0.935121 0.039100 0.396500 13
2 0.313679 -0.291534 0.746081 0.044900 0.386700 13
2 0.606597 -0.191949 -0.371224 0.002000 0.386700 13
2 0.606597 -0.191949 -0.371224 0.980500 0.162100 13
2 0.477653 -0.579591 -0.783624 0.970700 0.183600 13
2 0.483838 -0.647592 -0.922718 0.964800 0.189500 13
2 -0.563087 -0.778183 -0.905423 0.900400 0.189500 13
2 -0.532184 1.314950 -0.650088 0.912100 0.320300 11
2 -0.822191 -0.889635 -0.345562 0.871100 0.197300 13
2 -0.827061 1.372868 -0.159283 0.890600 0.302700 11
2 0.441300 0.140136 -1.701359 0.902300 0.449200 11
2 0.448452 0.328751 -1.297715 0.902300 0.419900 11
2 0.585711 -0.499474 -1.829162 0.884800 0.486300 11
2 0.604859 -0.537173 -0.748103 0.871100 0.421900 11
2 0.622306 0.509413 -0.170778 0.878900 0.377000 11
2 0.612034 -0.425907 -0.343156 0.859400 0.412100 11
2 0.599191 -0.318590 0.832027 0.837900 0.369100 11
2 0.542687 -0.537004 -0.185588 0.853500 0.410200 11
2 0.509987 -0.532527 0.682028 0.835900 0.377000 11
2 -1.373082 -0.189911 0.211363 0.443400 0.429700 0
2 -1.373133 0.065239 0.208711 0.443400 0.412100 0
2 -0.990418 0.142620 -0.582689 0.322300 0.392600 0
2 -0.827293 0.004369 1.704091 0.580100 0.433600 0
2 -1.257771 -0.265761 0.205495 0.443400 0.437500 0
2 -0.959479 -0.372552 -0.466100 0.322300 0.439500 0
2 -0.961490 -0.297296 -0.579774 0.322300 0.431600 0
2 0.549534 -1.526948 1.766670 0.777300 0.523400 2
2 -0.520061 -1.526948 1.785064 0.687500 0.523400 2
2 0.007706 -1.929684 1.446876 0.732400 0.562500 2
2 -0.810962 -0.252926 1.675952 0.656300 0.445300 0
2 0.883564 -0.252926 1.646808 0.798800 0.445300 0
2 1.236507 -1.313949 1.373748 0.835900 0.513700 2
2 0.429101 -1.971638 1.347246 0.767600 0.570300 2
2 0.508984 -1.523680 0.193641 0.423800 0.574200 5
2 0.314168 -1.187821 0.484164 0.402300 0.599600 5
2 0.363011 -1.591316 0.328918 0.418000 0.566400 5
2 0.266324 -1.603114 -0.145643 0.451200 0.568400 5
2 0.138536 -1.663562 -0.051938 0.451200 0.560500 5
2 0.288570 -0.238458 -0.733197 0.199200 0.134800 9
2 -0.275179 2.075626 -0.788369 0.242200 0.197300 0
2 0.263219 2.075626 -0.797630 0.210900 0.197300 0
2 0.715565 2.253249 -0.508127 0.177700 0.179700 0
2 0.930591 2.370190 -0.312901 0.160200 0.166000 0
2 1.017040 2.906562 0.359490 0.148400 0.103500 0
2 0.672510 0.077642 0.039189 0.173800 0.087900 9
2 0.388430 0.683225 -0.188212 0.615200 0.877000 13
2 0.205216 0.628596 0.520401 0.658200 0.878900 13
2 0.606597 -0.191949 -0.371224 0.611300 0.968700 13
2 0.313679 -0.291534 0.746081 0.664100 0.972700 13
2 -0.478183 0.551176 0.720042 0.724600 0.875000 13
2 -0.473792 -0.390111 0.761495 0.742200 0.968700 13
2 -0.876032 0.591888 -0.168550 0.783200 0.867200 13
2 -0.825543 -0.356982 -0.346356 0.796900 0.962900 13
2 -0.526893 0.516856 -1.845626 0.050800 0.013700 1
2 -0.398474 0.442135 -1.926153 0.041000 0.009800 1
2 -0.662266 0.441329 -1.887716 0.060500 0.011700 1
2 -1.449192 2.391619 -0.420177 0.367200 0.175800 0
2 0.072240 -0.064814 -0.874182 0.449200 0.169900 8
2 -1.636820 2.907312 0.388573 0.453100 0.115200 0
2 -1.712889 3.342896 1.387654 0.539100 0.070300 0
2 -1.790468 3.092471 1.215559 0.523400 0.105500 0
2 -1.692613 3.306917 1.717313 0.566400 0.074200 0
2 -1.410578 2.605914 2.030043 0.607400 0.150400 0
2 -0.522433 -0.605413 -1.458685 0.377000 0.662100 1
2 0.215465 -0.605413 -1.471374 0.377000 0.615200 1
2 0.571619 -0.525203 -0.911222 0.382800 0.578100 1
2 -0.920968 -0.433103 -0.883183 0.390600 0.576200 1
2 -0.522433 -0.605413 -1.458685 0.377000 0.615200 1
2 -0.858515 -0.525203 -0.886625 0.382800 0.578100 1
2 -0.103174 0.311676 1.442765 0.103500 0.232400 1
2 -0.787824 0.303686 1.068310 0.054700 0.234400 1
2 -1.118493 0.114407 0.181224 0.005900 0.255900 1
2 -1.082421 0.430283 0.181860 0.011700 0.242200 1
2 0.634157 -0.433103 -0.909929 0.390600 0.576200 1
2 -0.603279 3.018529 2.270149 0.783200 0.109400 0
2 1.026835 1.860459 2.405158 0.648400 0.222700 0
2 0.682635 3.016448 2.247894 0.675800 0.109400 0
2 -0.920061 1.860459 2.438645 0.808600 0.222700 0
2 -1.410578 2.605914 2.030043 0.849600 0.150400 0
2 -1.692613 3.306917 1.717313 0.873000 0.082000 0
2 -1.253427 3.549957 1.536427 0.835900 0.058600 0
2 -0.278273 1.997333 -1.098864 0.248000 0.216800 0
2 -0.270452 1.810984 -1.064721 0.242200 0.232400 0
2 -0.274592 1.807009 -1.162133 0.246100 0.236300 0
2 0.249393 1.809107 -1.171024 0.207000 0.236300 0
2 0.246313 1.810984 -1.073608 0.210900 0.232400 0
2 0.255315 1.997333 -1.108040 0.205100 0.216800 0
2 0.262297 2.151508 -0.850157 0.205100 0.201200 0
2 -0.694115 -2.336826 -0.481136 0.351600 0.689500 8
2 -0.215039 -2.339128 -0.587264 0.351600 0.718700 8
2 0.206948 -2.340777 -0.118993 0.351600 0.757800 8
2 0.552865 -0.314329 0.509292 0.375000 0.800800 3
2 -0.713730 -0.848190 -0.460015 0.296900 0.480500 2
2 -1.127866 -0.657220 0.049260 0.384800 0.462900 2
2 -1.341896 -0.728318 0.588353 0.480500 0.488300 2
2 -0.810962 -0.252926 1.675952 0.576200 0.464800 0
2 -0.340888 0.688722 -0.143964 0.615200 0.877000 6
2 -0.132329 0.635997 0.560454 0.658200 0.878900 6
2 0.557721 0.558736 0.734121 0.724600 0.875000 6
2 0.150279 -0.082790 -1.249459 0.933600 0.144500 6
2 -0.443173 -0.502602 -1.058382 0.966800 0.175800 6
2 -0.318704 0.349330 -1.230544 0.966800 0.119100 6
2 0.605482 -0.622693 -1.075707 0.900400 0.175800 6
2 0.732337 0.228955 -1.247886 0.900400 0.121100 6
2 0.224425 0.405962 -1.239126 0.933600 0.109400 6
2 -0.565420 -0.186613 -0.319291 0.611300 0.968700 6
2 -0.230666 -0.286341 0.789559 0.664100 0.972700 6
2 0.557163 -0.383022 0.775325 0.742200 0.968700 6
2 0.923538 0.597201 -0.165450 0.783200 0.867200 6
2 0.866744 -0.351663 -0.343709 0.796900 0.962900 6
2 -0.340888 0.688722 -0.143964 0.959000 0.869100 6
2 -0.064088 0.564413 -0.763782 0.929700 0.875000 6
2 -0.565420 -0.186613 -0.319291 0.964800 0.953100 6
2 0.079230 -0.606094 -0.794246 0.896500 0.978500 6
2 0.371224 0.479442 -1.033772 0.886700 0.875000 6
2 0.866744 -0.351663 -0.343709 0.820300 0.943400 6
2 0.923538 0.597201 -0.165450 0.810500 0.851600 6
2 0.147302 -2.297236 0.410003 0.371100 0.003900 3
2 0.197340 -0.722181 0.635622 0.363300 0.048800 5
2 -0.142419 -0.773648 0.179471 0.402300 0.050800 5
2 -0.045701 -1.210068 0.047388 0.414100 0.084000 5
2 0.106156 -1.662016 -0.100654 0.427700 0.119100 5
2 0.147302 -2.297236 0.410003 0.582000 0.855500 3
2 -0.271859 -2.301194 -0.089079 0.582000 0.925800 3
2 -0.026889 -2.178766 -0.309691 0.574200 0.951200 3
2 1.663302 2.907312 0.331815 0.453100 0.115200 0
2 -0.063736 0.009452 -0.907778 0.449200 0.169900 15
2 1.447123 2.391619 -0.469990 0.367200 0.175800 0
2 1.840214 1.257671 0.681609 0.484400 0.271500 0
2 0.054728 -2.166728 -0.387837 0.574200 0.951200 10
2 0.306568 -2.287473 -0.174251 0.582000 0.925800 10
2 -0.093307 -2.283639 0.342019 0.582000 0.855500 10
2 -0.493259 -0.302101 0.452916 0.375000 0.800800 10
2 -0.171176 -2.264854 -0.148285 0.351600 0.757800 15
2 0.234181 -2.265337 -0.635495 0.351600 0.718700 15
2 0.719371 -2.264871 -0.545905 0.351600 0.689500 15
2 -0.231222 -0.106373 -1.909163 0.955100 0.472700 4
2 -0.372051 -0.532089 -1.987123 0.964800 0.511700 4
2 0.153626 -0.532145 -2.171467 0.931600 0.515600 4
2 -0.514596 -0.532014 -1.754881 0.142600 0.644500 4
2 0.840946 -0.569713 -0.696806 0.191400 0.578100 4
2 -0.495444 -0.569713 -0.673822 0.191400 0.644500 4
2 0.802559 -0.532014 -1.777534 0.142600 0.580100 4
2 0.625432 -0.532089 -2.004280 0.132800 0.587900 4
2 0.153626 -0.532145 -2.171467 0.125000 0.611300 4
2 -0.372051 -0.532089 -1.987123 0.132800 0.638700 4
2 0.778777 -0.569544 -0.134290 0.216800 0.582000 4
2 -0.488274 -0.458446 -0.268898 0.209000 0.644500 4
2 0.848103 -0.458446 -0.291882 0.209000 0.578100 4
2 -0.415795 -0.569544 -0.113745 0.216800 0.642600 4
2 -0.349967 -0.565084 0.752172 0.255900 0.638700 4
2 0.224539 -0.565009 1.017083 0.267600 0.611300 4
2 0.736445 -0.565067 0.733486 0.255900 0.585900 4
2 -0.141620 -0.088128 -1.276191 0.933600 0.144500 13
2 0.328065 0.341779 -1.275599 0.966800 0.119100 13
2 0.460625 -0.507651 -1.105679 0.966800 0.175800 13
2 -0.215061 0.398378 -1.265498 0.933600 0.109400 13
2 -0.720545 0.221688 -1.256828 0.900400 0.121100 13
2 -0.590044 -0.630261 -1.089052 0.900400 0.175800 13
2 -0.876032 0.591888 -0.168550 0.810500 0.851600 13
2 -0.357135 0.473642 -1.052951 0.886700 0.875000 13
2 -0.825543 -0.356982 -0.346356 0.820300 0.943400 13
2 -0.055386 -0.606484 -0.831053 0.896500 0.978500 13
2 0.092154 0.559366 -0.800542 0.929700 0.875000 13
2 0.606597 -0.191949 -0.371224 0.964800 0.953100 13
2 0.585711 -0.499474 -1.829162 0.142600 0.644500 11
2 -0.096892 -0.499577 -2.222492 0.125000 0.611300 11
2 0.435016 -0.499550 -2.056337 0.132800 0.638700 11
2 -0.562498 -0.499550 -2.039182 0.132800 0.587900 11
2 -0.733886 -0.499474 -1.806443 0.142600 0.580100 11
2 -0.733962 -0.537173 -0.725054 0.191400 0.578100 11
2 0.604859 -0.537173 -0.748103 0.191400 0.644500 11
2 -0.651912 -0.537004 -0.165018 0.216800 0.582000 11
2 -0.054824 -0.532461 0.966534 0.267600 0.611300 11
2 -0.578867 -0.532527 0.700754 0.255900 0.585900 11
2 0.509987 -0.532527 0.682028 0.255900 0.638700 11
2 0.542687 -0.537004 -0.185588 0.216800 0.642600 11
2 0.612034 -0.425907 -0.343156 0.209000 0.644500 11
2 -0.726789 -0.425907 -0.320131 0.209000 0.578100 11
2 -0.096892 -0.499577 -2.222492 0.931600 0.515600 11
2 0.435016 -0.499550 -2.056337 0.964800 0.511700 11
2 0.297022 -0.073833 -1.973608 0.955100 0.472700 11
2 -1.045711 0.001234 0.218161 0.013700 0.275400 1
2 -1.160701 -0.364257 0.241340 0.002000 0.322300 1
2 -1.170683 -0.819744 0.221329 0.003900 0.345700 1
2 -1.016658 -0.975759 0.229696 0.015600 0.361300 1
2 -0.787824 0.303686 1.068310 0.072300 0.187500 1
2 -0.103174 0.311676 1.442765 0.025400 0.210900 1
2 0.570203 0.303718 1.044953 0.054700 0.234400 1
2 0.869273 0.114407 0.147039 0.005900 0.255900 1
2 0.833239 0.430283 0.148915 0.011700 0.242200 1
2 0.800241 0.001234 0.186412 0.013700 0.275400 1
2 -1.170683 -0.819744 0.221329 0.365200 0.476600 1
2 -1.258493 -0.866483 -0.256469 0.359400 0.507800 1
2 -1.335379 -0.448194 -0.253679 0.402300 0.503900 1
2 0.913624 -0.363870 0.207986 0.002000 0.322300 1
2 0.922827 -0.819744 0.185323 0.003900 0.345700 1
2 0.771606 -0.975759 0.198939 0.015600 0.361300 1
2 -1.262548 0.147954 0.207118 0.443400 0.402300 0
2 -1.174091 1.050988 -0.635344 0.316400 0.302700 0
2 -0.962376 0.223349 -0.492085 0.322300 0.380900 0
2 -1.284234 0.412415 0.204860 0.441400 0.369100 0
2 -0.932679 0.630932 1.862442 0.578100 0.355500 0
2 -1.375443 1.244564 -0.872117 0.332000 0.283200 0
2 0.270203 -1.236196 -0.421163 0.484400 0.271500 8
2 -1.524532 0.475235 0.212640 0.441400 0.343700 0
2 -1.132105 0.649680 1.869334 0.580100 0.328100 0
2 -1.636820 2.907312 0.388573 0.099600 0.103500 0
2 -0.916499 2.442405 -0.345760 0.156300 0.168000 0
2 -1.449192 2.391619 -0.420177 0.115200 0.173800 0
2 -0.697022 2.303695 -0.578165 0.171900 0.183600 0
2 -0.276113 2.151508 -0.840897 0.205100 0.201200 0
2 0.078680 0.405422 -1.456823 0.041000 0.039100 1
2 -0.916499 2.442405 -0.345760 0.296900 0.168000 0
2 -0.697022 2.303695 -0.578165 0.279300 0.183600 0
2 -0.276113 2.151508 -0.840897 0.248000 0.201200 0
2 -0.013738 -0.309500 0.586555 0.548800 0.191400 8
2 -1.271151 1.675491 1.893138 0.605500 0.234400 0
2 0.203490 -1.038507 0.431350 0.543000 0.244100 8
2 0.206948 -2.340777 -0.118993 0.334000 0.742200 8
2 -0.057628 -2.339664 0.217670 0.334000 0.775400 8
2 -0.215039 -2.339128 -0.587264 0.334000 0.691400 8
2 -0.148067 1.468320 -0.115317 0.009800 0.511700 4
2 0.955238 1.341378 -0.135951 0.125000 0.507800 4
2 -0.414546 -1.971638 1.361754 0.767600 0.570300 2
2 -0.116040 -1.923710 0.435080 0.744100 0.582000 2
2 0.097893 -1.923710 0.431401 0.720700 0.582000 2
2 -0.221069 -1.842063 -0.065383 0.753900 0.593700 2
2 0.185143 -1.842063 -0.072369 0.710900 0.593700 2
2 0.228475 0.405978 -1.022980 0.933600 0.099600 6
2 -0.324402 0.288993 -1.013662 0.966800 0.107400 6
2 0.726635 0.168616 -1.031026 0.900400 0.109400 6
2 -0.713730 -0.848190 -0.460015 0.882800 0.548800 2
2 -1.127866 -0.657220 0.049260 0.925800 0.539100 2
2 -1.341896 -0.728318 0.588353 0.972700 0.539100 2
2 -1.650563 -1.207867 0.603588 0.984400 0.599600 2
2 1.328475 -0.728318 0.542425 0.972700 0.539100 2
2 1.639627 -1.209610 0.537690 0.984400 0.599600 2
2 1.095447 -0.657220 0.011022 0.925800 0.539100 2
2 0.661116 -0.848190 -0.483660 0.882800 0.548800 2
2 -0.028767 -1.201266 0.068393 0.412100 0.084000 5
2 0.314168 -1.187821 0.484164 0.375000 0.084000 5
2 0.363011 -1.591316 0.328918 0.390600 0.115200 5
2 0.138536 -1.663562 -0.051938 0.423800 0.119100 5
2 0.235349 -1.598958 -0.205732 0.457000 0.570300 5
2 0.057032 -1.106199 -0.211075 0.459000 0.605500 5
2 0.145063 -1.106162 -0.102959 0.449200 0.605500 5
2 0.168595 -1.566572 -0.298634 0.466800 0.572300 5
2 0.021282 -1.633909 -0.195985 0.466800 0.564500 5
2 0.106156 -1.662016 -0.100654 0.457000 0.562500 5
2 0.226307 -0.722254 -0.647129 0.490200 0.630900 5
2 0.008015 -1.010144 -0.564395 0.484400 0.611300 5
2 0.182748 -0.903652 -0.728181 0.498000 0.619100 5
2 -0.013302 -0.699777 -0.421698 0.472700 0.632800 5
2 -0.044535 -0.639284 -0.312925 0.464800 0.636700 5
2 0.204856 -0.351586 -0.552261 0.484400 0.658200 5
2 1.774707 3.342896 1.327675 0.539100 0.070300 0
2 1.843741 3.092471 1.153076 0.523400 0.105500 0
2 1.766136 3.306917 1.657831 0.566400 0.074200 0
2 1.495350 2.605914 1.980094 0.607400 0.150400 0
2 1.067355 3.050059 0.620752 0.308600 0.087900 0
2 1.663302 2.907312 0.331815 0.353500 0.103500 0
2 1.017040 2.906562 0.359490 0.304700 0.103500 0
2 0.917433 2.442405 -0.377277 0.296900 0.168000 0
2 0.072842 -0.235540 0.547784 0.548800 0.191400 15
2 1.348753 1.675491 1.848103 0.605500 0.234400 0
2 -0.147955 -0.964668 0.401843 0.543000 0.244100 15
2 0.034619 0.313845 -0.214465 0.513700 0.148400 15
2 -0.171176 -2.264854 -0.148285 0.334000 0.742200 15
2 0.234181 -2.265337 -0.635495 0.334000 0.691400 15
2 0.105483 -2.265788 0.183837 0.334000 0.775400 15
2 -0.704322 -0.817796 0.129571 0.390600 0.115200 12
2 -0.195963 -1.123266 -0.112223 0.412100 0.084000 12
2 -0.389520 -1.036568 0.375640 0.375000 0.084000 12
2 -0.214919 -0.921906 -0.152905 0.445300 0.605500 12
2 -0.013223 -0.694541 -0.075334 0.443400 0.627000 12
2 -0.526139 -0.683537 -0.302033 0.451200 0.568400 12
2 0.058689 -1.022364 -0.244624 0.459000 0.605500 12
2 -0.021635 -1.022162 -0.133201 0.449200 0.605500 12
2 -0.251041 -1.458442 -0.306647 0.457000 0.570300 12
2 -0.185723 -1.426090 -0.399993 0.466800 0.572300 12
2 -0.084003 -0.822773 -0.757066 0.486300 0.058600 12
2 0.177676 -0.966243 -0.735460 0.478500 0.070300 12
2 0.122688 -0.619838 -0.455425 0.453100 0.044900 12
2 0.098790 -0.929615 -0.599498 0.466800 0.068400 12
2 0.079230 -0.606094 -0.794246 0.933600 0.173800 6
2 -0.324402 0.288993 -1.013662 0.964800 0.125000 6
2 -0.448455 -0.572486 -0.736134 0.964800 0.173800 6
2 0.228475 0.405978 -1.022980 0.933600 0.113300 6
2 0.726635 0.168616 -1.031026 0.902300 0.125000 6
2 0.600202 -0.692570 -0.753434 0.902300 0.175800 6
2 0.917433 2.442405 -0.377277 0.156300 0.168000 0
2 0.689856 2.303695 -0.602016 0.171900 0.183600 0
2 0.278708 1.499943 -0.178987 0.009800 0.511700 11
2 -0.827061 1.372868 -0.159283 0.125000 0.507800 11
2 -0.733311 0.496827 -0.145094 0.123000 0.574200 11
2 -0.211424 0.398433 -1.049346 0.933600 0.099600 13
2 -0.707503 0.163423 -1.040458 0.900400 0.109400 13
2 0.341109 0.283516 -1.059227 0.966800 0.107400 13
2 -0.055386 -0.606484 -0.831053 0.933600 0.173800 13
2 -0.707503 0.163423 -1.040458 0.902300 0.125000 13
2 -0.573355 -0.700119 -0.767184 0.902300 0.175800 13
2 -0.211424 0.398433 -1.049346 0.933600 0.113300 13
2 0.341109 0.283516 -1.059227 0.964800 0.125000 13
2 0.477653 -0.579591 -0.783624 0.964800 0.173800 13
2 -1.016658 -0.975759 0.229696 0.341800 0.515600 1
2 -0.762612 0.433623 0.053305 0.322300 0.533200 9
2 1.348753 1.675491 1.848103 0.619100 0.240200 0
2 1.211366 0.649680 1.829028 0.630900 0.355500 0
2 0.880278 0.938344 2.276024 0.660200 0.328100 0
2 0.993674 -0.866449 -0.295204 0.359400 0.507800 1
2 1.070601 -0.448163 -0.295058 0.402300 0.503900 1
2 0.922827 -0.819744 0.185323 0.365200 0.476600 1
2 1.306383 3.549957 1.492402 0.623000 0.058600 0
2 1.766136 3.306917 1.657831 0.584000 0.080100 0
2 -0.932679 0.630932 1.862442 0.808600 0.357400 0
2 1.009406 0.630932 1.829042 0.648400 0.357400 0
2 -0.778180 0.940412 2.304671 0.796900 0.328100 0
2 -1.132105 0.649680 1.869334 0.826200 0.355500 0
2 -1.271151 1.675491 1.893138 0.837900 0.240200 0
2 -0.989948 2.906562 0.394007 0.148400 0.103500 0
2 -1.067030 3.050039 0.657460 0.142600 0.087900 0
2 -1.712889 3.342896 1.387654 0.091800 0.058600 0
2 0.215465 -0.605413 -1.471374 0.377000 0.662100 1
2 0.111009 -0.464458 -1.260589 0.388700 0.652300 1
2 -0.410571 -0.464458 -1.251618 0.388700 0.625000 1
2 -0.051417 0.564888 -0.537651 0.007800 0.937500 8
2 -0.797254 -0.080586 -0.403539 0.080100 0.923800 8
2 -0.993604 -0.552765 -0.368844 0.132800 0.919900 8
2 -0.985949 -0.551650 0.038599 0.132800 0.877000 8
2 -0.788739 -0.082076 0.070341 0.080100 0.873000 8
2 -0.038112 0.565046 0.184903 0.007800 0.859400 8
2 0.001571 0.239774 -0.178337 0.068400 0.718700 8
2 0.072240 -0.064814 -0.874182 0.123000 0.691400 8
2 0.270203 -1.236196 -0.421163 0.168000 0.707000 8
2 -1.174091 1.050988 -0.635344 0.136700 0.302700 0
2 0.667524 0.433623 0.028711 0.322300 0.533200 9
2 0.771606 -0.975759 0.198939 0.341800 0.515600 1
2 -0.318704 0.349330 -1.230544 0.900400 0.121100 6
2 -0.443173 -0.502602 -1.058382 0.900400 0.175800 6
2 -0.324402 0.288993 -1.013662 0.888700 0.121100 6
2 -0.448455 -0.572486 -0.736134 0.892600 0.181600 6
2 -0.462275 -0.642268 -0.874672 0.900400 0.189500 6
2 -0.414546 -1.971638 1.361754 0.697300 0.570300 2
2 -1.219570 -1.345764 1.420465 0.628900 0.513700 2
2 0.600202 -0.692570 -0.753434 0.892600 0.181600 6
2 0.726635 0.168616 -1.031026 0.888700 0.121100 6
2 0.138536 -1.663562 -0.051938 0.468800 0.574200 5
2 -0.028767 -1.201266 0.068393 0.462900 0.607400 5
2 0.266324 -1.603114 -0.145643 0.478500 0.576200 5
2 0.169732 -1.093164 -0.075831 0.472700 0.607400 5
2 0.136716 -0.777040 -0.041932 0.466800 0.628900 5
2 -0.142419 -0.773648 0.179471 0.459000 0.628900 5
2 -0.045701 -1.210068 0.047388 0.462900 0.607400 5
2 0.145063 -1.106162 -0.102959 0.472700 0.607400 5
2 0.235349 -1.598958 -0.205732 0.478500 0.576200 5
2 0.106156 -1.662016 -0.100654 0.468800 0.574200 5
2 0.084496 0.640959 0.147193 0.007800 0.859400 15
2 0.830655 -0.006122 0.006860 0.080100 0.873000 15
2 1.026879 -0.477796 -0.031578 0.132800 0.877000 15
2 1.019812 -0.476845 -0.439090 0.132800 0.919900 15
2 0.822597 -0.006801 -0.469316 0.080100 0.923800 15
2 0.072178 0.640848 -0.575403 0.007800 0.937500 15
2 1.840214 1.257671 0.681609 0.168000 0.707000 0
2 -0.063736 0.009452 -0.907778 0.123000 0.691400 15
2 0.034619 0.313845 -0.214465 0.068400 0.718700 15
2 0.689856 2.303695 -0.602016 0.279300 0.183600 0
2 0.262297 2.151508 -0.850157 0.248000 0.201200 0
2 0.255315 1.997333 -1.108040 0.248000 0.216800 0
2 0.736445 -0.565067 0.733486 0.087900 0.646500 4
2 0.818447 -0.351130 0.883589 0.091800 0.627000 4
2 -0.707503 0.163423 -1.040458 0.888700 0.121100 13
2 -0.573355 -0.700119 -0.767184 0.892600 0.181600 13
2 0.483838 -0.647592 -0.922718 0.900400 0.189500 13
2 0.460625 -0.507651 -1.105679 0.900400 0.175800 13
2 0.477653 -0.579591 -0.783624 0.892600 0.181600 13
2 0.341109 0.283516 -1.059227 0.888700 0.121100 13
2 0.328065 0.341779 -1.275599 0.900400 0.121100 13
2 -0.653102 -0.318590 0.853567 0.091800 0.627000 11
2 -0.578867 -0.532527 0.700754 0.087900 0.646500 11
2 -1.375443 1.244564 -0.872117 0.121100 0.283200 0
2 -0.385210 0.405413 -1.448844 0.521500 0.644500 1
2 -0.148218 0.335244 -1.100891 0.500000 0.621100 1
2 1.269731 3.593068 1.051956 0.130900 0.033200 0
2 1.067355 3.050059 0.620752 0.142600 0.087900 0
2 1.269731 3.593068 1.051956 0.623000 0.058600 0
2 1.306383 3.549957 1.492402 0.621100 0.023400 0
2 1.774707 3.342896 1.327675 0.584000 0.080100 0
2 1.766136 3.306917 1.657831 0.585900 0.044900 0
2 -1.220377 3.593068 1.094785 0.835900 0.058600 0
2 -1.712889 3.342896 1.387654 0.873000 0.082000 0
2 -1.253427 3.549957 1.536427 0.834000 0.025400 0
2 -1.692613 3.306917 1.717313 0.871100 0.043000 0
2 -1.067030 3.050039 0.657460 0.308600 0.087900 0
2 -1.220377 3.593068 1.094785 0.322300 0.033200 0
2 -0.827293 0.004369 1.704091 0.654300 0.418000 0
2 0.900885 0.004369 1.674368 0.802700 0.418000 0
2 -0.932679 0.630932 1.862442 0.648400 0.357400 0
2 1.009406 0.630932 1.829042 0.808600 0.357400 0
2 -0.523996 -0.193088 0.178061 0.359400 0.914100 3
2 -0.830493 -2.335279 -0.149266 0.345700 0.918000 8
2 0.025935 -0.331624 0.513381 0.377000 0.845700 3
2 -0.188725 -0.197464 0.553719 0.359400 0.867200 3
2 -0.495127 -2.338132 0.221143 0.345700 0.863300 8
2 0.552865 -0.314329 0.509292 0.375000 0.804700 3
2 0.001571 0.239774 -0.178337 0.513700 0.148400 8
2 -0.694115 -2.336826 -0.481136 0.343800 0.955100 8
2 -0.057628 -2.339664 0.217670 0.345700 0.820300 8
2 -0.762612 0.433623 0.053305 0.029300 0.371100 9
2 0.866744 -0.351663 -0.343709 0.882800 0.162100 6
2 -0.713730 -0.848190 -0.460015 0.156300 0.480500 2
2 -0.414546 -1.971638 1.361754 0.757800 0.638700 2
2 -0.423768 -1.634221 -0.441833 0.185500 0.552700 2
2 0.429101 -1.971638 1.347246 0.757800 0.638700 2
2 0.185143 -1.842063 -0.072369 0.246100 0.572300 2
2 0.377695 -1.633208 -0.456730 0.267600 0.552700 2
2 -0.028767 -1.201266 0.068393 0.027300 0.982400 5
2 -0.142419 -0.773648 0.179471 0.029300 0.982400 5
2 0.136716 -0.777040 -0.041932 0.027300 0.984400 5
2 0.145063 -1.106162 -0.102959 0.029300 0.984400 5
2 0.021282 -1.633909 -0.195985 0.435500 0.117200 5
2 0.571267 -0.180831 0.084851 0.359400 0.914100 10
2 0.867796 -2.265368 -0.214202 0.345700 0.918000 15
2 0.247125 -0.185451 0.474223 0.359400 0.867200 10
2 0.033519 -0.319366 0.438882 0.377000 0.845700 10
2 0.545532 -2.266105 0.172264 0.345700 0.863300 15
2 -0.493259 -0.302101 0.452916 0.375000 0.804700 10
2 0.719371 -2.264871 -0.545905 0.343800 0.955100 15
2 0.105483 -2.265788 0.183837 0.345700 0.820300 15
2 -0.179025 -2.315330 -0.441311 0.455100 0.002000 10
2 0.177676 -0.966243 -0.735460 0.496100 0.609400 12
2 -0.084003 -0.822773 -0.757066 0.498000 0.619100 12
2 -0.114934 -1.520670 -0.203116 0.457000 0.562500 12
2 -0.034657 -1.492498 -0.302408 0.466800 0.564500 12
2 -0.494835 0.476873 -0.096204 0.982400 0.390600 4
2 -0.494835 0.476873 -0.096204 0.009800 0.584000 4
2 -0.825543 -0.356982 -0.346356 0.882800 0.162100 13
2 0.622306 0.509413 -0.170778 0.982400 0.390600 11
2 -1.016658 -0.975759 0.229696 0.349600 0.500000 1
2 -0.385210 0.405413 -1.448844 0.041000 0.039100 1
2 0.771606 -0.975759 0.198939 0.349600 0.500000 1
2 1.269731 3.593068 1.051956 0.621100 0.023400 0
2 -1.220377 3.593068 1.094785 0.834000 0.025400 0
2 -0.385210 0.405413 -1.448844 0.009800 0.039100 1
2 0.075023 0.442135 -1.934298 0.554700 0.597700 1
2 0.111009 -0.464458 -1.260589 0.388700 0.625000 1
2 0.203490 -1.038507 0.431350 0.162100 0.781200 8
2 0.207925 -1.074929 -0.657836 0.164100 0.709000 8
2 0.270203 -1.236196 -0.421163 0.179700 0.736300 8
2 -0.057628 -2.339664 0.217670 0.351600 0.787100 8
2 -0.408472 -0.238458 -0.721208 0.793000 0.056600 9
2 0.667524 0.433623 0.028711 0.029300 0.371100 9
2 -1.341896 -0.728318 0.588353 0.625000 0.531200 2
2 -1.219570 -1.345764 1.420465 0.556600 0.546900 2
2 -0.116040 -1.923710 0.435080 0.259800 0.580100 2
2 -0.423768 -1.634221 -0.441833 0.267600 0.552700 2
2 -0.221069 -1.842063 -0.065383 0.246100 0.572300 2
2 1.328475 -0.728318 0.542425 0.625000 0.531200 2
2 0.429101 -1.971638 1.347246 0.697300 0.570300 2
2 1.236507 -1.313949 1.373748 0.556600 0.546900 2
2 0.097893 -1.923710 0.431401 0.259800 0.580100 2
2 0.204856 -0.351586 -0.552261 0.027300 0.986300 5
2 0.045552 -0.738783 -0.157197 0.027300 0.986300 5
2 -0.044535 -0.639284 -0.312925 0.029300 0.986300 5
2 -0.075397 -1.047580 -0.700761 0.496100 0.609400 5
2 0.008015 -1.010144 -0.564395 0.466800 0.068400 5
2 -0.271859 -2.301194 -0.089079 0.576200 0.687500 3
2 1.269731 3.593068 1.051956 0.322300 0.033200 0
2 1.774707 3.342896 1.327675 0.361300 0.058600 0
2 -0.191280 -0.999065 -0.688941 0.164100 0.709000 15
2 -0.147955 -0.964668 0.401843 0.162100 0.781200 15
2 1.840214 1.257671 0.681609 0.179700 0.736300 0
2 0.105483 -2.265788 0.183837 0.351600 0.787100 15
2 0.163679 -0.236178 -0.965181 0.011700 0.988300 15
2 0.034619 0.313845 -0.214465 0.013700 0.984400 15
2 0.098729 0.139029 -0.575078 0.013700 0.984400 15
2 -0.614374 -0.816246 -0.314067 0.468800 0.574200 12
2 -0.614374 -0.816246 -0.314067 0.423800 0.119100 12
2 -0.321693 -0.649688 0.389353 0.011700 0.982400 12
2 0.072153 -0.656362 -0.191954 0.011700 0.984400 12
2 -0.013223 -0.694541 -0.075334 0.011700 0.984400 12
2 0.306568 -2.287473 -0.174251 0.576200 0.687500 10
2 0.600202 -0.692570 -0.753434 0.845700 0.978500 6
2 -0.448455 -0.572486 -0.736134 0.947300 0.986300 6
2 -1.220377 3.593068 1.094785 0.130900 0.033200 0
2 0.626479 0.068322 1.040706 0.849600 0.355500 4
2 0.863229 0.464288 -0.117192 0.123000 0.574200 4
2 -0.514596 -0.532014 -1.754881 0.978500 0.486300 4
2 -0.238813 0.068322 1.055587 0.849600 0.355500 4
2 -0.573355 -0.700119 -0.767184 0.845700 0.978500 13
2 0.477653 -0.579591 -0.783624 0.947300 0.986300 13
2 -0.458089 0.100861 1.004025 0.849600 0.355500 11
2 0.585711 -0.499474 -1.829162 0.978500 0.486300 11
2 0.409623 0.100861 0.989103 0.849600 0.355500 11
2 0.622306 0.509413 -0.170778 0.009800 0.584000 11
905
-0.539735 0.745568 -0.390915
0.157008 0.929453 -0.333865
0.261032 0.798277 -0.542786
0.499538 0.847601 -0.178979
0.479676 0.866876 -0.135781
0.728580 0.684070 0.034928
0.693700 0.706091 0.142185
0.599272 0.634684 0.487903
0.451989 0.823024 0.344002
0.009490 0.813141 0.581990
-0.001163 0.987357 0.158505
-0.441826 0.821085 0.361399
-0.393667 0.916796 0.067161
-0.688378 0.706116 0.165940
-0.485907 0.865648 -0.120615
-0.725180 0.685919 0.060244
-0.503214 0.849100 -0.160637
0.783967 -0.058727 -0.618019
0.829747 -0.083378 0.551876
0.980580 -0.195337 -0.017516
0.259959 -0.180145 0.948667
0.294904 0.349017 0.889505
-0.276197 0.265552 0.923687
0.787194 0.317798 0.528517
0.975860 0.001451 0.218392
0.993753 0.110277 0.017162
0.967399 0.014924 -0.252817
0.848591 0.193184 -0.492517
0.289305 0.332898 -0.897486
0.261298 0.326875 -0.908227
0.359176 0.020580 -0.933043
0.699862 -0.220797 -0.679295
-0.723086 -0.218759 -0.655203
-0.980339 -0.196580 0.017101
-0.805496 -0.059063 -0.589651
-0.808902 -0.083866 0.581931
-0.226744 -0.177895 0.957570
-0.268397 0.347624 0.898399
0.305799 0.265703 0.914270
-0.772515 0.315121 0.551288
-0.968486 -0.002724 0.249054
-0.985439 0.124523 0.115776
-0.976161 0.011666 -0.216735
-0.792647 0.253244 -0.554598
-0.319955 0.332453 -0.887189
-0.076741 0.348908 -0.934010
-0.388917 0.017913 -0.921099
0.805849 0.398181 0.438246
0.495172 0.427614 0.756275
0.889938 0.155869 0.428619
0.406797 0.078293 0.910157
-0.548851 0.224755 0.805138
-0.611817 -0.111086 0.783160
-0.984457 -0.052031 0.167742
-0.945809 -0.312147 -0.089493
-0.486324 -0.137781 -0.862847
-0.175560 -0.105624 -0.978786
0.646042 0.342307 -0.682243
0.740028 0.055534 -0.670279
0.925815 0.166006 -0.339570
0.898234 0.135698 -0.418046
-0.017196 -0.010922 -0.999793
0.688590 -0.010486 -0.725076
0.333675 -0.014616 -0.942575
0.986781 0.003344 -0.162025
0.989015 -0.008495 0.147572
0.705166 -0.003918 0.709032
0.365655 -0.008733 0.930709
-0.331604 0.010038 0.943365
-0.687263 0.016948 0.726211
-0.985753 0.013211 0.167682
-0.989951 0.005909 -0.141286
-0.911778 -0.007241 -0.410620
-0.915641 -0.019774 -0.401511
-0.937895 0.166017 -0.304615
-0.671351 0.348762 -0.653952
-0.763333 0.056750 -0.643507
0.140072 -0.103164 -0.984752
0.451349 -0.139141 -0.881433
0.942317 -0.311442 -0.122651
0.988413 -0.073340 0.132894
0.646211 -0.082285 0.758710
0.556354 0.189608 0.809023
-0.370317 0.097254 0.923800
-0.471270 0.378605 0.796595
-0.873810 0.155819 0.460626
-0.783183 0.395314 0.479949
-0.927203 -0.272554 0.256921
-0.702194 -0.220196 0.677080
-0.305296 -0.429284 0.850006
0.522724 -0.051453 0.850948
-0.453202 -0.186636 0.871651
0.480272 0.097628 0.871669
-0.439283 0.084546 0.894361
0.503576 0.198354 0.840873
0.006274 -0.191981 0.981379
0.314713 -0.389978 0.865374
0.000375 -0.496084 0.868275
0.348875 -0.631179 0.692748
-0.922700 -0.377171 0.079798
-0.978105 -0.146048 0.148257
-0.903831 -0.418595 0.088703
-0.983954 -0.167171 0.062358
-0.979721 0.188813 -0.067061
-0.993693 0.100922 -0.048872
-0.621739 0.712557 -0.325121
-0.930486 0.283288 -0.232259
-0.550172 0.647455 -0.527363
-0.596385 0.292381 -0.747555
-0.555490 0.425797 -0.714232
-0.040376 0.505737 -0.861742
0.915934 0.382822 0.120467
0.567681 0.425658 -0.704666
0.948183 0.216846 -0.232221
0.757016 0.404527 -0.513113
0.729935 -0.546983 -0.409884
0.845674 -0.086923 -0.526574
0.556150 -0.804479 -0.208593
0.297213 -0.693856 -0.655918
0.139368 -0.989354 -0.041897
-0.006832 -0.917706 -0.397203
-0.000558 -0.999473 -0.032442
-0.115430 0.418583 -0.900813
0.375485 0.148730 -0.914817
-0.214307 -0.127596 -0.968397
0.442661 -0.116934 -0.889032
0.992452 0.042684 -0.114969
0.962059 -0.210208 -0.173938
0.513425 -0.118164 0.849960
0.980971 -0.193382 0.017288
0.859454 -0.153015 0.487776
0.986297 -0.156821 0.051244
0.487969 -0.436454 0.755906
0.984451 0.169554 -0.045914
0.948927 -0.007189 0.315414
0.874451 0.472053 -0.111809
0.908133 -0.395741 -0.136688
0.892248 -0.416989 -0.173245
0.618520 -0.424517 -0.661225
0.583134 -0.571893 -0.576969
-0.044799 -0.557874 -0.828716
-0.049490 -0.425384 -0.903659
-0.297624 -0.659277 -0.690488
-0.265026 -0.548661 -0.792926
-0.340222 -0.393136 0.854221
0.006368 -0.596188 0.802819
-0.342180 -0.647493 0.680930
-0.873502 -0.309563 0.375720
-0.756235 -0.650455 0.070824
-0.874751 -0.348968 -0.336202
-0.497957 -0.655440 -0.567835
-0.419736 -0.375206 -0.826464
-0.053461 -0.624830 -0.778929
-0.325667 -0.147688 -0.933879
-0.886152 0.199605 -0.418201
-0.448027 0.096354 -0.888813
-0.875729 0.232064 -0.423372
-0.536186 0.622744 -0.569820
0.411595 0.546500 -0.729333
-0.170115 0.888682 -0.425798
0.611222 0.711759 -0.346131
-0.357765 0.747070 -0.560260
0.532871 0.645701 -0.546917
0.011716 0.504722 -0.863202
0.529621 0.425485 -0.733801
0.336648 -0.429416 0.838015
-0.492362 -0.052509 0.868805
0.726165 -0.221838 0.650747
0.483776 -0.187485 0.854874
-0.450618 0.097202 0.887409
0.469790 0.085394 0.878638
-0.473876 0.198752 0.857869
0.027561 -0.191611 0.981084
-0.284713 -0.389830 0.875769
0.029669 -0.496827 0.867342
-0.324794 -0.630966 0.704550
0.927651 0.079585 0.364868
0.989116 0.072207 0.128202
0.848444 -0.303500 -0.433625
0.568538 -0.225959 -0.791017
0.183334 -0.533740 -0.825536
-0.252891 -0.444618 -0.859279
0.046796 -0.839124 -0.541924
0.294523 -0.145068 -0.944570
0.391637 -0.368778 -0.842985
0.026053 -0.617762 -0.785933
0.482615 -0.646177 -0.591218
0.865616 -0.339291 -0.368227
0.769207 -0.637323 0.046259
0.888705 -0.300745 0.346057
0.372261 -0.634940 0.676959
0.372428 -0.387314 0.843377
0.023863 -0.589161 0.807663
-0.465894 -0.432259 0.772072
-0.843143 -0.153678 0.515260
-0.983584 -0.159536 0.084319
-0.979390 -0.195545 0.050566
-0.483037 -0.117405 0.867693
-0.967484 -0.210214 -0.140658
-0.996001 0.042976 -0.078330
-0.474600 -0.118135 -0.872238
-0.408254 0.147004 -0.900954
0.177310 -0.127923 -0.975806
0.086093 0.417622 -0.904533
0.570239 0.293113 -0.767406
0.923340 0.280025 -0.262736
0.991633 0.098283 -0.083696
0.976875 0.188256 -0.101363
0.985174 -0.169493 0.026540
0.982345 -0.148776 0.113423
0.904003 -0.423880 0.055723
0.921281 -0.386055 0.046933
0.338769 0.747241 -0.571723
0.154434 0.888541 -0.432025
-0.436808 0.546669 -0.714389
0.515069 0.622785 -0.588934
0.415949 0.096413 -0.904263
0.858707 0.231220 -0.457339
0.870647 0.198468 -0.450095
-0.455564 0.731428 -0.507420
-0.734355 0.299579 -0.609078
-0.515179 0.559829 -0.648986
-0.655059 -0.240939 -0.716133
-0.525597 -0.729913 -0.437007
-0.230453 -0.966938 -0.109187
-0.110544 -0.991418 -0.069790
-0.035514 -0.994196 -0.101553
-0.020642 -0.997431 -0.068596
-0.008098 -0.997038 -0.076483
-0.908472 0.129775 -0.397288
-0.862857 -0.427733 -0.269301
-0.745826 -0.455244 0.486309
-0.865662 0.048295 0.498294
-0.535578 0.053391 -0.842796
-0.597019 0.236031 -0.766719
0.996456 -0.044938 -0.071102
0.952200 -0.171960 0.252477
0.623129 0.056870 0.780049
0.835733 -0.419295 -0.354603
0.855981 -0.183703 -0.483269
0.790006 0.130805 -0.598982
0.771638 0.199340 -0.604018
0.962889 0.011141 0.269669
0.653776 -0.033368 0.755952
-0.146347 0.629725 -0.762909
-0.705199 0.589792 -0.393496
-0.166070 0.892963 -0.418376
-0.912675 0.384401 -0.138783
-0.915082 -0.336391 -0.222409
-0.984307 -0.155493 0.083433
-0.393226 -0.278161 -0.876356
-0.929377 -0.256306 -0.265642
-0.480451 0.082744 -0.873110
-0.513045 0.000917 -0.858361
0.894207 0.127945 -0.428980
0.505469 0.051666 -0.861296
0.571306 0.234453 -0.786538
0.883469 0.047048 0.466122
0.852591 -0.427151 -0.301050
0.763236 -0.456424 0.457328
0.867279 -0.359118 -0.344763
0.985506 -0.162008 0.050315
0.742437 -0.418754 0.522907
0.362913 -0.277842 -0.889437
0.449253 0.093289 -0.888521
0.481229 -0.000823 -0.876595
0.777847 -0.518227 -0.355522
0.627345 -0.685407 0.369669
0.719524 -0.513164 0.467920
-0.007600 0.984945 -0.172700
-0.161438 0.946473 -0.279511
-0.008451 0.871103 -0.491027
0.390004 0.919248 0.053664
0.245291 0.955750 -0.162402
-0.095439 0.624113 -0.775483
-0.149186 0.178481 -0.972568
-0.193092 0.581576 -0.790244
-0.111503 -0.245165 -0.963048
0.083113 0.163184 -0.983089
0.099666 -0.325338 -0.940331
0.166121 0.581516 -0.796394
0.552810 -0.369489 -0.746913
0.211520 0.715339 -0.665995
0.018262 -0.997431 -0.069271
0.108063 -0.991411 -0.073661
0.024861 -0.992297 -0.121362
0.226434 -0.966946 -0.117227
0.510079 -0.729831 -0.455156
0.633161 -0.238799 -0.736262
0.716215 0.299350 -0.630416
0.498962 0.560048 -0.661350
0.444070 0.726803 -0.523985
0.470818 -0.208995 -0.857118
-0.260709 -0.159366 -0.952173
0.095574 -0.140382 -0.985474
-0.905361 0.287609 -0.312413
-0.943547 -0.081488 -0.321060
-0.891333 0.156607 -0.425440
-0.991361 -0.120244 0.052381
-0.979824 -0.158618 0.121598
-0.477449 -0.137068 0.867902
-0.413773 -0.139609 0.899612
0.063047 0.051513 0.996680
0.051310 0.572776 -0.818105
-0.402974 0.245163 -0.881764
-0.312958 0.591467 -0.743118
0.721379 0.267501 -0.638792
0.614243 0.515189 -0.597734
-0.018128 0.239684 -0.970682
-0.280111 -0.959052 -0.041920
-0.563999 -0.803874 -0.188923
-0.574570 -0.664540 -0.477760
-0.884473 -0.121873 -0.450393
-0.677426 -0.488831 -0.549670
-0.883414 0.216388 -0.415639
-0.650235 0.502176 -0.570100
-0.993272 0.018576 -0.114305
-0.909544 0.386958 0.151636
0.015949 -0.320816 0.947007
-0.640815 -0.357794 0.679220
-0.348573 -0.818487 0.456702
-0.655147 -0.256453 0.710643
0.015128 -0.392784 0.919506
0.643652 -0.237769 0.727446
0.664651 -0.357609 0.656014
0.275339 -0.848382 0.452147
0.007857 -0.889506 0.456856
0.860837 -0.129442 -0.492143
0.575608 -0.109262 -0.810393
0.872342 -0.057634 -0.485488
0.562852 -0.265215 -0.782853
-0.511074 -0.319326 -0.798019
-0.802647 0.464602 -0.374037
-0.847496 0.249322 -0.468604
-0.413961 0.533014 0.737924
-0.474597 -0.488917 0.731927
0.396094 -0.432605 0.809915
-0.966113 0.010610 0.257900
-0.781710 0.577586 0.235210
-0.232179 0.859801 0.454792
0.340610 0.788490 0.512122
0.740806 0.335545 0.581907
0.918305 0.334441 0.211817
0.936140 -0.271713 0.223192
-0.577371 -0.311187 0.754855
-0.712242 0.167308 -0.681703
0.048973 0.319369 -0.946364
-0.889807 -0.319638 0.325691
-0.990315 -0.136871 -0.023304
-0.055352 0.285709 -0.956717
0.823608 -0.521895 0.222027
0.652470 -0.751773 -0.095494
0.611310 -0.742362 0.274223
0.567396 -0.776351 -0.274484
0.409354 -0.521960 -0.748322
-0.012791 -0.664983 -0.746749
-0.502948 -0.210849 -0.838204
-0.137317 -0.152845 -0.978664
0.219141 -0.167125 -0.961273
-0.029657 0.055938 0.997994
0.446132 -0.139065 0.884097
0.507463 -0.137978 0.850555
0.983226 -0.159892 0.087755
0.992417 -0.121730 0.017068
0.931645 -0.082225 -0.353944
0.874992 0.157460 -0.457815
0.894830 0.283946 -0.344463
-0.944256 -0.169467 0.282243
-0.983802 0.121907 0.131427
-0.595418 0.054515 0.801564
-0.630969 0.070744 0.772576
-0.631614 0.476381 0.611658
-0.596507 0.194470 0.778692
-0.408478 0.830289 0.379165
-0.749566 0.524028 0.404407
-0.821361 0.544041 -0.171424
0.743973 -0.402410 0.533451
0.790533 0.183644 0.584237
0.906218 0.386627 -0.171138
0.905149 -0.339869 -0.255332
0.688133 0.591817 -0.419793
0.686452 0.164796 -0.708255
0.113570 0.630979 -0.767442
-0.084299 0.322882 -0.942678
-0.849198 -0.415435 -0.325999
-0.757718 -0.431950 -0.489166
-0.819618 -0.572828 -0.009729
-0.649535 -0.709324 0.273796
-0.648791 -0.396720 0.649372
-0.543382 -0.516194 0.662028
-0.670606 -0.582862 0.458867
-0.602452 0.010103 0.798091
-0.605180 -0.027936 0.795598
-0.597980 0.001090 0.801510
-0.600827 -0.073346 0.796007
-0.575300 -0.364651 0.732161
0.443692 -0.406911 -0.798474
0.436906 -0.154408 -0.886155
0.404527 -0.144369 -0.903059
0.334255 -0.150616 -0.930370
0.014213 0.998908 -0.044499
-0.009500 0.999011 -0.043436
-0.294688 0.950070 -0.102593
0.333506 0.934064 -0.127666
0.046647 0.990617 -0.128460
0.442347 0.858874 -0.258194
-0.027246 0.833597 -0.551700
0.604818 0.765404 -0.219891
0.557033 0.802972 0.212016
-0.910316 -0.407725 0.071304
-0.978912 -0.152841 0.135536
-0.897444 -0.434315 0.077231
-0.984692 -0.166438 0.051774
-0.993903 0.090377 0.063160
-0.996540 0.077899 -0.028977
-0.984384 0.162536 -0.067607
-0.977716 0.206863 -0.035754
-0.965622 0.242073 -0.094736
0.974604 0.013203 0.223544
0.501843 -0.485943 0.715551
0.606236 -0.307028 0.733629
-0.366978 -0.433973 0.822797
-0.718266 0.338393 0.607935
-0.907583 0.340975 0.245007
-0.318578 0.790738 0.522725
0.440334 0.531770 0.723413
0.253444 0.857562 0.447609
0.792968 0.572776 0.207676
0.832256 0.249730 -0.494959
0.791062 0.461696 -0.401319
0.485093 -0.319573 -0.813977
-0.586434 -0.272324 -0.762847
-0.603359 -0.109677 -0.789892
-0.888242 -0.061028 -0.455303
-0.877585 -0.130123 -0.461424
0.961162 0.243113 -0.130631
0.981250 0.163295 -0.102384
0.975657 0.207408 -0.071244
0.994810 0.079209 -0.063862
0.995351 0.092230 0.027759
0.985391 -0.169464 0.016950
0.982789 -0.155268 0.100089
0.896715 -0.440343 0.044721
0.913015 -0.406290 0.036507
-0.891019 -0.432924 -0.136606
-0.864214 0.497692 -0.073731
-0.889088 0.186204 -0.418152
-0.935836 -0.007236 0.352363
-0.902273 -0.422610 -0.085469
-0.778923 -0.535677 -0.326082
-0.861534 -0.303460 -0.407027
0.218548 -0.340882 0.914350
-0.219277 -0.428133 0.876709
0.006813 -0.918502 0.395359
-0.107307 0.015256 0.994109
0.142874 -0.038563 0.988989
0.545018 -0.369119 0.752799
0.316089 -0.694859 0.645955
0.900067 -0.435540 0.013552
0.684648 -0.155759 0.712037
0.653400 -0.656587 0.376778
0.769359 -0.460882 -0.442351
0.385149 -0.921135 -0.056307
0.005255 0.827208 -0.561872
0.282768 0.824045 -0.490909
-0.453677 0.817555 -0.354655
-0.547010 0.806138 0.225659
-0.610318 0.767015 -0.197989
-0.480907 0.840714 -0.248853
-0.050141 0.990814 -0.125593
0.963263 0.082897 0.255446
0.800009 0.096059 0.592248
0.948303 0.179406 0.261793
0.472493 0.187535 0.861151
-0.331717 -0.141905 0.932645
-0.734431 -0.019287 0.678409
-0.911802 -0.202538 0.357205
-0.948622 -0.106321 0.298015
-0.168301 0.929567 -0.327993
0.527263 0.743580 -0.411196
-0.279608 0.798375 -0.533307
-0.716794 0.394530 -0.574937
-0.842139 0.388059 -0.374450
-0.679282 0.600548 -0.421803
-0.914821 0.395966 -0.079457
-0.912110 0.372448 0.171284
-0.981307 -0.002460 0.192431
-0.698788 0.046346 0.713826
-0.016228 -0.330901 -0.943526
0.597127 0.137002 -0.790361
0.908137 0.090833 -0.408701
-0.947347 -0.115086 -0.298813
-0.535508 0.483652 -0.692324
-0.961098 -0.138294 -0.239092
0.010664 -0.761814 0.647708
-0.752063 -0.419027 0.508741
-0.865500 -0.283961 0.412645
-0.938910 0.106561 0.327250
0.936028 -0.116254 -0.332170
-0.065509 0.454936 0.888111
0.398206 -0.041321 0.916365
0.107006 0.524892 0.844416
-0.488457 -0.055659 0.870811
-0.549887 0.095904 0.829715
-0.275887 0.514403 0.811958
0.224386 0.872839 0.433362
0.998698 0.035142 -0.036970
0.713834 0.672051 -0.196948
0.692079 0.719425 -0.058769
-0.440857 0.896662 -0.040516
-0.720422 0.608781 -0.332232
-0.998837 0.045107 -0.017007
-0.879045 0.334086 0.340096
-0.139467 0.750611 -0.645858
0.229431 0.539133 -0.810368
0.946658 0.299843 -0.118035
0.868185 0.225768 0.441909
-0.762306 -0.471905 -0.442939
-0.861264 -0.312362 -0.400816
-0.984080 0.065522 0.165205
-0.913890 0.075510 0.398877
-0.953755 0.083840 0.288656
-0.778666 0.095793 0.620084
0.365414 -0.142141 0.919928
-0.032308 -0.138571 -0.989825
-0.122271 -0.456793 -0.881130
-0.201867 0.710286 -0.674347
0.568436 -0.514600 -0.641925
0.629050 0.502893 -0.592785
0.069897 0.702148 -0.708592
-0.938610 0.178361 0.295293
-0.440318 0.186002 0.878364
0.758626 -0.018702 0.651258
0.923962 -0.201817 0.324906
0.959061 -0.106687 0.262335
-0.910865 0.136473 -0.389488
-0.716616 0.048154 -0.695804
-0.570313 0.375022 -0.730823
-0.116630 0.257000 -0.959348
0.280108 -0.165878 -0.945528
0.603568 0.168153 -0.779378
0.844230 -0.135155 -0.518661
-0.768967 0.183072 0.612515
-0.774389 -0.165076 0.610796
-0.770572 -0.291923 0.566568
-0.768410 -0.376323 0.517616
-0.744587 -0.415243 0.522651
-0.359488 0.068813 0.930609
-0.955269 -0.017488 0.295220
-0.834272 0.060814 -0.547989
0.666286 0.598462 -0.444866
0.830642 0.384955 -0.402297
0.698212 0.392380 -0.598781
0.863501 -0.497593 0.082265
0.816266 0.061444 -0.574399
0.965275 -0.018183 0.260602
0.393957 0.077445 0.915860
-0.851697 0.221922 0.474724
-0.952352 0.294129 -0.080711
-0.256826 0.538048 -0.802836
0.119449 0.749791 -0.650804
-0.518819 0.437638 -0.734370
-0.592748 0.284169 -0.753590
0.001672 0.171529 -0.985178
-0.000236 -0.999906 -0.013742
0.002001 -0.993206 0.116355
0.002001 -0.993206 0.116355
-0.000297 -0.999851 -0.017259
0.000005 -1.000000 0.000325
0.000007 -1.000000 0.000326
0.000010 -1.000000 0.000330
-0.003855 -0.970780 -0.239939
-0.002990 -0.984763 -0.173876
-0.002990 -0.984763 -0.173876
-0.005185 -0.953462 -0.301470
-0.000646 -0.999991 0.004209
0.000721 -0.999991 0.004286
0.002822 -0.999982 0.005297
-0.000796 -0.140056 -0.990143
0.176032 0.708109 -0.683809
0.092741 -0.456471 -0.884892
-0.094421 0.700500 -0.707378
-0.646973 0.503332 -0.572785
-0.587366 -0.516973 -0.622688
-0.862340 -0.135679 -0.487812
-0.316223 -0.165153 -0.934199
-0.635258 0.164585 -0.754559
0.082378 0.255003 -0.963425
0.691501 0.048903 -0.720718
0.552393 0.371765 -0.746092
-0.000247 -0.999905 -0.013754
-0.000020 -1.000000 0.000296
-0.000065 -1.000000 0.000375
0.000016 -1.000000 0.000272
-0.000297 -0.999851 -0.017259
0.002002 -0.993206 0.116351
0.002003 -0.993207 0.116348
-0.004391 -0.970778 -0.239941
-0.000551 -0.999991 0.004306
-0.002608 -0.999982 0.005391
0.000797 -0.999991 0.004192
-0.005191 -0.953453 -0.301498
-0.002993 -0.984759 -0.173899
-0.002990 -0.984763 -0.173875
-0.035662 0.171534 -0.984532
0.566589 0.284331 -0.773390
0.493517 0.438919 -0.750860
-0.872700 -0.039225 0.486678
-0.830707 0.112872 0.545147
-0.768925 -0.322122 0.552261
-0.467258 -0.789459 0.398025
-0.581444 0.635465 0.508043
0.014236 0.574806 0.818166
0.784609 -0.416834 0.458954
0.928890 -0.146303 0.340233
0.949872 0.106615 0.293898
0.871715 -0.240567 0.426896
-0.820135 -0.542693 0.181281
-0.655548 -0.650808 -0.383021
-0.863334 0.201339 -0.462727
0.849189 0.111969 0.516082
0.789619 -0.320271 0.523382
0.481038 -0.789434 0.381309
-0.983948 0.178161 -0.010212
-0.632040 -0.570398 -0.524568
-0.844046 0.418788 -0.334966
-0.656318 -0.751029 -0.072134
-0.814569 -0.522836 0.251236
-0.811665 -0.306204 -0.497433
-0.859617 -0.498220 0.113294
-0.577379 -0.776067 -0.253679
-0.601816 -0.742039 0.295291
-0.008556 0.872714 -0.488158
-0.003448 0.850990 -0.525170
-0.234843 0.715650 -0.657795
-0.007113 0.857611 -0.514251
-0.009803 0.858378 -0.512925
-0.409145 0.807403 -0.425089
0.877338 0.279823 0.389842
0.666799 0.571236 0.478612
0.890892 0.328774 0.313399
-0.588558 0.152240 0.793992
-0.392386 -0.479420 0.784977
-0.063609 -0.735610 0.674412
0.970311 -0.240851 -0.022083
0.774762 -0.168360 0.609425
0.716670 -0.260948 -0.646754
-0.942511 0.146580 0.300312
0.956109 -0.167019 0.240748
0.102529 -0.994560 -0.018412
0.033345 -0.997531 -0.061812
-0.027148 -0.995946 -0.085763
-0.002759 -0.987040 -0.160449
-0.002759 -0.987040 -0.160449
0.117597 0.984130 0.132886
-0.195833 0.946074 0.258057
0.419421 0.871662 0.253558
-0.309504 0.360447 -0.879935
-0.588317 0.694771 -0.413735
-0.794775 0.571892 -0.203155
-0.892814 0.390072 -0.225227
0.791015 0.560989 -0.244105
0.880367 0.390757 -0.268818
0.591496 0.672318 -0.445108
0.276887 0.352813 -0.893788
-0.730689 -0.362533 0.578501
-0.717862 -0.347362 0.603336
-0.739580 -0.365246 0.565347
-0.751005 -0.407100 0.519866
0.627128 -0.431929 -0.648189
0.787696 0.201890 -0.582044
0.759729 0.200194 -0.618655
0.659012 -0.423900 -0.621299
0.130258 -0.908508 -0.397048
0.131481 -0.912983 -0.386231
0.668363 -0.402043 0.625821
0.688977 -0.579131 0.435796
0.666518 -0.700235 0.255782
0.556260 -0.525628 0.643654
0.633375 -0.454691 0.626173
0.898831 -0.321014 0.298418
0.915782 0.387025 -0.107495
0.918990 0.368186 0.141053
0.987865 -0.007631 0.155125
0.651531 0.073629 0.755041
0.211003 0.783177 -0.584903
-0.008717 0.872531 -0.488482
-0.022609 0.863066 -0.504585
-0.014621 0.850998 -0.524966
0.615649 0.152438 0.773136
0.419968 -0.478487 0.771153
0.086522 -0.734877 0.672659
0.774202 0.630210 -0.058704
-0.972629 -0.232091 0.011231
-0.744688 -0.248733 -0.619331
-0.759409 -0.153870 0.632156
-0.543731 -0.834544 -0.088845
-0.003841 -0.982200 0.187798
0.035223 -0.981463 0.188389
-0.027483 0.971779 -0.234287
-0.768874 0.315952 -0.555884
-0.157479 0.982792 -0.096543
-0.787827 0.352027 -0.505377
-0.760843 0.345814 -0.549118
-0.699145 -0.285616 -0.655454
-0.741162 -0.273090 -0.613271
0.025067 0.283634 -0.958605
0.988832 -0.140665 -0.049250
0.897011 -0.325709 0.298806
0.783398 -0.310765 0.538250
0.045493 0.257427 0.965226
0.046067 0.257379 0.965212
0.122937 0.288225 0.949638
0.040813 0.214532 0.975864
0.044919 0.257475 0.965240
-0.023044 0.309774 0.950531
-0.862086 0.286585 0.417943
-0.648229 0.582455 0.490455
0.952359 0.146669 0.267395
-0.947138 -0.167274 0.273767
-0.974843 -0.101106 0.198642
-0.113642 0.984627 0.132648
-0.409573 0.874398 0.260150
0.201674 0.948749 0.243316
-0.013100 0.255904 0.966613
-0.008192 0.255978 0.966648
0.061005 0.309750 0.948859
-0.006971 0.211236 0.977410
-0.018007 0.255824 0.966556
-0.099289 0.288393 0.952350
-0.543342 -0.837036 -0.064418
-0.422898 -0.905330 -0.039166
0.829536 -0.163987 0.533834
0.612755 -0.427878 0.664418
0.231889 -0.561693 0.794184
0.478875 -0.488829 -0.729195
0.958641 0.222987 -0.176871
0.827376 -0.540675 0.152050
-0.220268 0.873190 0.434766
0.298545 0.516589 0.802501
-0.023001 -0.815293 0.578592
0.031337 -0.818719 0.573339
-0.129224 -0.551133 0.824350
-0.582759 -0.426482 0.691741
-0.803369 -0.163673 0.572547
0.005238 0.863480 -0.504356
-0.232644 0.788837 -0.568870
-0.356040 0.714994 -0.601680
-0.009615 0.829018 -0.559139
-0.009616 0.829019 -0.559138
-0.088157 0.844940 -0.527546
-0.659492 0.710340 -0.245942
-0.766535 0.507452 -0.393594
-0.958483 -0.256877 -0.123790
-0.955149 -0.191913 0.225522
-0.788947 0.543595 0.286475
-0.630644 0.658930 0.409998
-0.648074 0.671300 -0.359661
0.392587 0.350898 -0.850145
0.976501 0.089145 -0.196212
-0.149289 -0.403917 -0.902532
0.416298 -0.907738 -0.052038
0.537198 -0.839441 -0.082198
-0.988943 0.147531 0.015065
-0.988340 0.151380 0.016390
-0.988940 0.147510 0.015421
-0.988032 0.153304 0.017053
-0.987090 0.159112 0.018328
-0.280459 -0.695886 0.661124
-0.502981 -0.371840 0.780222
0.970066 0.040023 -0.239519
0.988489 -0.150430 -0.016143
-0.590258 -0.003503 -0.807207
-0.591370 0.006591 -0.806374
-0.588937 -0.002017 -0.808177
-0.591903 0.011638 -0.805925
-0.596088 0.023805 -0.802566
0.645358 -0.086675 0.758947
0.640100 -0.055845 0.766259
0.639539 -0.065887 0.765930
0.637223 -0.040408 0.769619
0.641028 -0.035749 0.766685
0.644385 0.658875 0.388138
0.798822 0.543350 0.258175
0.962971 -0.191028 0.190253
0.953413 -0.256612 -0.158600
0.752678 0.506804 -0.420267
0.650646 0.709999 -0.269372
-0.984431 0.091998 -0.149772
-0.427723 0.355506 -0.831065
0.630522 0.673800 -0.385273
-0.010563 0.857619 -0.514177
-0.007832 0.858376 -0.512961
0.069011 0.625135 -0.777460
0.378454 -0.624447 0.683256
0.342341 -0.381900 0.858461
-0.988862 -0.147541 0.019564
-0.977769 0.031471 -0.207309
0.990548 0.135365 -0.022135
0.989170 0.145409 -0.019959
0.989528 0.142894 -0.020400
0.988441 0.150425 -0.018870
0.988436 0.150437 -0.019077
-0.312176 -0.381360 0.870121
-0.354177 -0.621824 0.698494
-0.270946 -0.391893 -0.879209
-0.003345 -0.980699 -0.195494
-0.002956 -0.986359 -0.164579
-0.859170 0.473752 -0.193355
-0.824999 0.534332 -0.184025
0.419549 0.906138 0.053780
0.426812 0.900679 0.081292
0.433717 0.894464 0.108735
-0.425320 0.903288 0.056346
-0.433342 0.896694 0.090298
-0.440818 0.888971 0.124136
0.786293 0.579317 -0.214790
0.866082 0.438253 -0.240491
0.016994 -0.152854 0.988103
0.016856 -0.197857 0.980086
0.016683 -0.242354 0.970044
0.016683 -0.242355 0.970044
-0.858250 0.495274 0.134574
-0.753325 0.582067 -0.306102
0.071717 0.241174 0.967828
-0.139952 0.407604 0.902371
-0.024710 0.776946 0.629082
-0.002144 0.291466 0.956579
-0.778288 0.627037 -0.033058
-0.814194 0.472929 -0.336788
0.000542 0.430768 0.902463
-0.256785 -0.935459 0.242855
0.840303 -0.005482 -0.542089
-0.511599 -0.134677 -0.848604
0.726541 0.300600 0.617882
-0.345936 -0.655944 -0.670869
-0.733510 0.417443 0.536381
0.220650 -0.888632 -0.402053
0.529538 -0.712283 -0.460698
-0.620684 0.038457 -0.783117
-0.059396 -0.996453 -0.059617
0.615310 -0.128602 0.777724
-0.920359 -0.329948 -0.209935
0.861302 0.498034 0.100604
0.740428 0.582001 -0.336215
0.165038 0.404184 0.899665
-0.040521 0.233857 0.971426
0.042822 0.775511 0.629880
0.034838 0.284084 0.958166
0.810857 0.459745 -0.362140
0.031197 0.415353 0.909125
0.145340 0.893601 -0.424681
-0.477758 -0.877544 -0.040794
-0.653285 -0.702945 0.281224
-0.137238 -0.918239 -0.371487
-0.135755 -0.911034 -0.389342
-0.791083 0.552725 -0.262074
-0.894895 0.319015 0.312077
-0.859966 -0.006173 -0.510315
0.781062 0.553170 -0.289734
-0.710171 -0.703076 -0.036629
0.970990 0.238966 -0.008597
0.714086 -0.697431 -0.060587
-0.551746 0.824347 0.126600
0.542195 0.831388 0.121730
-0.009061 0.850516 -0.525871
0.005461 -0.997039 -0.076705
0.148352 0.854466 -0.497875
-0.936666 -0.350135 0.007895
0.632636 0.595435 0.495205
-0.017196 -0.010922 -0.999792
0.262835 -0.936339 0.232780
-0.735196 0.488160 0.470304
-0.911633 0.254415 0.322798
-0.762753 -0.644351 0.054952
0.760978 0.487759 0.427790
-0.102561 -0.994614 -0.014960
0.921393 0.262333 0.286734
0.758089 -0.651645 0.025684
0.257145 -0.739971 -0.621546
0.481811 -0.874571 -0.054621
-0.771266 -0.308859 0.556557
-0.484423 -0.416758 -0.769186
0.578752 0.363862 -0.729829
0.332649 0.705949 -0.625285
0.940505 -0.338732 -0.026674
-0.623703 0.582550 0.521182
-0.982294 0.023238 -0.185898
0.342551 -0.143566 -0.928465
-0.551157 -0.826490 -0.114633
-0.819927 0.132047 -0.557031
0.453368 -0.432758 -0.779216
0.170525 0.700068 -0.693416
-0.028797 0.729496 -0.683378
-0.608458 0.386407 -0.693159
0.906658 0.306274 0.290116
0.981006 -0.099347 0.166608
-0.816797 0.285338 -0.501423
-0.899940 0.307500 0.309114
-0.210261 0.692192 -0.690406
0.024731 0.724546 -0.688782
-0.897905 0.302880 0.319422
0.798444 0.286122 -0.529737
0.910504 0.308308 0.275553
0.906844 0.316871 0.277898
1057
2 0 1 2 0 1 2 1
2 2 1 3 2 1 3 1
2 1 4 3 1 4 3 1
2 3 4 5 3 4 5 1
2 4 6 5 4 6 5 1
2 5 6 7 5 6 7 1
2 6 8 7 6 8 7 1
2 7 8 9 7 8 9 1
2 8 10 9 8 10 9 1
2 9 10 11 9 10 11 1
2 10 12 11 10 12 11 1
2 11 12 13 11 12 13 1
2 12 14 13 12 14 13 1
2 13 14 15 13 14 15 1
2 14 16 15 14 16 15 1
2 17 18 19 17 18 19 1
2 19 18 20 19 18 20 1
2 18 21 20 18 21 20 1
2 20 21 22 20 21 22 1
2 21 23 22 21 23 22 1
2 22 23 24 22 23 24 1
2 23 25 24 23 25 24 1
2 24 25 26 24 25 26 1
2 25 27 26 25 27 26 1
2 26 27 28 26 27 28 1
2 27 29 28 27 29 28 1
2 28 29 30 28 29 30 1
2 29 17 30 29 17 30 1
2 30 17 31 30 17 31 1
2 17 19 31 17 19 31 1
2 32 33 34 32 33 34 1
2 34 33 35 34 33 35 1
2 33 36 35 33 36 35 1
2 35 36 37 35 36 37 1
2 36 38 37 36 38 37 1
2 37 38 39 37 38 39 1
2 38 40 39 38 40 39 1
2 39 40 41 39 40 41 1
2 40 42 41 40 42 41 1
2 41 42 43 41 42 43 1
2 42 44 43 42 44 43 1
2 43 44 45 43 44 45 1
2 44 46 45 44 46 45 1
2 45 46 34 45 46 34 1
2 46 32 34 46 32 34 1
2 47 48 49 47 48 49 1
2 49 48 50 49 48 50 1
2 48 51 50 48 51 50 1
2 50 51 52 50 51 52 1
2 51 53 52 51 53 52 1
2 52 53 54 52 53 54 1
2 53 55 54 53 55 54 1
2 54 55 56 54 55 56 1
2 55 57 56 55 57 56 1
2 56 57 58 56 57 58 1
2 57 59 58 57 59 58 1
2 58 59 60 58 59 60 1
2 61 62 63 61 62 63 1
2 63 62 64 63 62 64 1
2 62 65 64 62 65 64 1
2 64 65 66 64 65 66 1
2 65 67 66 65 67 66 1
2 66 67 68 66 67 68 1
2 67 69 68 67 69 68 1
2 68 69 70 68 69 70 1
2 69 71 70 69 71 70 1
2 70 71 72 70 71 72 1
2 71 73 72 71 73 72 1
2 74 75 76 74 75 76 1
2 76 75 77 76 75 77 1
2 75 78 77 75 78 77 1
2 77 78 79 77 78 79 1
2 78 80 79 78 80 79 1
2 79 80 81 79 80 81 1
2 80 82 81 80 82 81 1
2 81 82 83 81 82 83 1
2 82 84 83 82 84 83 1
2 83 84 85 83 84 85 1
2 84 86 85 84 86 85 1
2 87 88 89 87 88 89 1
2 89 88 90 89 88 90 1
2 88 91 90 88 91 90 1
2 90 91 92 90 91 92 1
2 91 93 92 91 93 92 1
2 92 93 94 92 93 94 1
2 93 95 94 93 95 94 1
2 94 95 96 94 95 96 1
2 95 97 96 95 97 96 1
2 96 97 98 96 97 98 1
2 99 100 101 99 100 101 1
2 101 100 102 101 100 102 1
2 100 103 102 100 103 102 1
2 102 103 104 102 103 104 1
2 103 105 104 103 105 104 1
2 104 105 106 104 105 106 1
2 105 107 106 105 107 106 1
2 106 107 108 106 107 108 1
2 107 109 108 107 109 108 1
2 108 109 110 108 109 110 1
2 111 112 113 111 112 113 1
2 113 112 114 113 112 114 1
2 112 115 114 112 115 114 1
2 114 115 116 114 115 116 1
2 115 117 116 115 117 116 1
2 116 117 118 116 117 118 1
2 117 119 118 117 119 118 1
2 118 119 120 118 119 120 1
2 119 121 120 119 121 120 1
2 122 123 124 122 123 124 1
2 124 123 125 124 123 125 1
2 123 126 125 123 126 125 1
2 125 126 127 125 126 127 1
2 126 128 127 126 128 127 1
2 127 128 129 127 128 129 1
2 128 130 129 128 130 129 1
2 129 130 131 129 130 131 1
2 130 132 131 130 132 131 1
2 133 134 135 133 134 135 1
2 135 134 136 135 134 136 1
2 134 137 136 134 137 136 1
2 136 137 138 136 137 138 1
2 137 139 138 137 139 138 1
2 138 139 140 138 139 140 1
2 139 141 140 139 141 140 1
2 140 141 142 140 141 142 1
2 141 143 142 141 143 142 1
2 20 144 145 20 144 145 1
2 145 144 146 145 144 146 1
2 144 147 146 144 147 146 1
2 146 147 148 146 147 148 1
2 147 149 148 147 149 148 1
2 148 149 150 148 149 150 1
2 149 151 150 149 151 150 1
2 150 151 152 150 151 152 1
2 151 153 152 151 153 152 1
2 154 155 156 154 155 156 1
2 156 155 157 156 155 157 1
2 155 158 157 155 158 157 1
2 157 158 159 157 158 159 1
2 158 160 159 158 160 159 1
2 159 160 161 159 160 161 1
2 160 162 161 160 162 161 1
2 161 162 163 161 162 163 1
2 162 164 163 162 164 163 1
2 165 166 167 165 166 167 1
2 167 166 168 167 166 168 1
2 166 169 168 166 169 168 1
2 168 169 170 168 169 170 1
2 169 171 170 169 171 170 1
2 170 171 172 170 171 172 1
2 171 173 172 171 173 172 1
2 172 173 174 172 173 174 1
2 173 175 174 173 175 174 1
2 176 177 134 176 177 134 1
2 134 177 137 134 177 137 1
2 177 178 137 177 178 137 1
2 137 178 139 137 178 139 1
2 178 179 139 178 179 139 1
2 139 179 141 139 179 141 1
2 179 180 141 179 180 141 1
2 141 180 181 141 180 181 1
2 180 182 181 180 182 181 1
2 183 184 185 183 184 185 1
2 185 184 186 185 184 186 1
2 184 187 186 184 187 186 1
2 186 187 188 186 187 188 1
2 187 189 188 187 189 188 1
2 188 189 190 188 189 190 1
2 189 191 190 189 191 190 1
2 190 191 192 190 191 192 1
2 191 36 192 191 36 192 1
2 193 194 195 193 194 195 1
2 195 194 196 195 194 196 1
2 194 197 196 194 197 196 1
2 196 197 198 196 197 198 1
2 197 199 198 197 199 198 1
2 198 199 200 198 199 200 1
2 199 201 200 199 201 200 1
2 200 201 202 200 201 202 1
2 201 203 202 201 203 202 1
2 164 162 204 164 162 204 1
2 204 162 205 204 162 205 1
2 162 160 205 162 160 205 1
2 205 160 206 205 160 206 1
2 160 207 206 160 207 206 1
2 206 207 208 206 207 208 1
2 207 209 208 207 209 208 1
2 208 209 210 208 209 210 1
2 209 211 210 209 211 210 1
2 109 107 110 109 107 110 1
2 110 107 212 110 107 212 1
2 107 105 212 107 105 212 1
2 212 105 213 212 105 213 1
2 105 214 213 105 214 213 1
2 213 214 215 213 214 215 1
2 214 216 215 214 216 215 1
2 215 216 217 215 216 217 1
2 216 218 217 216 218 217 1
2 219 220 221 219 220 221 1
2 221 220 222 221 220 222 1
2 220 223 222 220 223 222 1
2 222 223 224 222 223 224 1
2 223 225 224 223 225 224 1
2 224 225 226 224 225 226 1
2 225 227 226 225 227 226 1
2 226 227 228 226 227 228 1
2 229 230 231 229 230 231 1
2 229 232 230 229 232 230 1
2 229 147 232 229 147 232 1
2 229 149 147 229 149 147 1
2 229 151 149 229 151 149 1
2 229 153 151 229 153 151 1
2 229 233 153 229 233 153 1
2 229 234 233 229 234 233 1
2 235 236 237 235 236 237 1
2 235 238 236 235 238 236 1
2 235 239 238 235 239 238 1
2 235 240 239 235 240 239 1
2 235 241 240 235 241 240 1
2 235 242 241 235 242 241 1
2 235 243 242 235 243 242 1
2 235 237 243 235 237 243 1
2 244 245 246 244 245 246 1
2 246 245 247 246 245 247 1
2 245 248 247 245 248 247 1
2 247 248 249 247 248 249 1
2 248 250 249 248 250 249 1
2 249 250 251 249 250 251 1
2 250 252 251 250 252 251 1
2 251 252 253 251 252 253 1
2 254 255 256 254 255 256 1
2 254 183 255 254 183 255 1
2 254 184 183 254 184 183 1
2 254 187 184 254 187 184 1
2 254 189 187 254 189 187 1
2 254 257 189 254 257 189 1
2 254 258 257 254 258 257 1
2 254 259 258 254 259 258 1
2 260 261 262 260 261 262 1
2 260 263 261 260 263 261 1
2 260 264 263 260 264 263 1
2 260 265 264 260 265 264 1
2 260 266 265 260 266 265 1
2 260 267 266 260 267 266 1
2 260 268 267 260 268 267 1
2 260 262 268 260 262 268 1
2 269 270 271 269 270 271 1
2 269 4 270 269 4 270 1
2 269 272 4 269 272 4 1
2 269 10 272 269 10 272 1
2 269 12 10 269 12 10 1
2 269 14 12 269 14 12 1
2 269 273 14 269 273 14 1
2 274 275 276 274 275 276 1
2 276 275 277 276 275 277 1
2 275 278 277 275 278 277 1
2 277 278 279 277 278 279 1
2 278 280 279 278 280 279 1
2 279 280 281 279 280 281 1
2 280 282 281 280 282 281 1
2 283 284 285 283 284 285 1
2 285 284 286 285 284 286 1
2 284 287 286 284 287 286 1
2 286 287 288 286 287 288 1
2 287 289 288 287 289 288 1
2 288 289 290 288 289 290 1
2 289 291 290 289 291 290 1
2 292 125 127 292 125 127 1
2 292 124 125 292 124 125 1
2 292 293 124 292 293 124 1
2 292 294 293 292 294 293 1
2 292 131 294 292 131 294 1
2 292 129 131 292 129 131 1
2 292 127 129 292 127 129 1
2 295 296 297 295 296 297 1
2 297 296 298 297 296 298 1
2 296 299 298 296 299 298 1
2 298 299 300 298 299 300 1
2 299 301 300 299 301 300 1
2 300 301 128 300 301 128 1
2 301 302 128 301 302 128 1
2 303 304 305 303 304 305 1
2 303 140 304 303 140 304 1
2 303 138 140 303 138 140 1
2 303 306 138 303 306 138 1
2 303 307 306 303 307 306 1
2 303 308 307 303 308 307 1
2 303 305 308 303 305 308 1
2 309 310 311 309 310 311 1
2 311 310 312 311 310 312 1
2 310 313 312 310 313 312 1
2 312 313 314 312 313 314 1
2 313 315 314 313 315 314 1
2 314 315 316 314 315 316 1
2 315 317 316 315 317 316 1
2 318 319 320 318 319 320 1
2 318 321 319 318 321 319 1
2 318 322 321 318 322 321 1
2 318 323 322 318 323 322 1
2 318 324 323 318 324 323 1
2 318 325 324 318 325 324 1
2 318 326 325 318 326 325 1
2 327 328 329 327 328 329 1
2 329 328 330 329 328 330 1
2 328 155 330 328 155 330 1
2 330 155 331 330 155 331 1
2 155 154 331 155 154 331 1
2 331 154 332 331 154 332 1
2 154 333 332 154 333 332 1
2 334 335 336 334 335 336 1
2 334 337 335 334 337 335 1
2 334 338 337 334 338 337 1
2 334 339 338 334 339 338 1
2 334 340 339 334 340 339 1
2 334 341 340 334 341 340 1
2 334 336 341 334 336 341 1
2 340 341 342 340 341 342 1
2 342 341 343 342 341 343 1
2 341 336 343 341 336 343 1
2 343 336 165 343 336 165 1
2 336 335 165 336 335 165 1
2 165 335 344 165 335 344 1
2 335 337 344 335 337 344 1
2 345 244 346 345 244 346 1
2 345 245 244 345 245 244 1
2 345 248 245 345 248 245 1
2 345 347 248 345 347 248 1
2 345 348 347 345 348 347 1
2 345 349 348 345 349 348 1
2 345 346 349 345 346 349 1
2 350 351 352 350 351 352 1
2 352 351 353 352 351 353 1
2 351 354 353 351 354 353 1
2 353 354 281 353 354 281 1
2 354 355 281 354 355 281 1
2 281 355 279 281 355 279 1
2 355 277 279 355 277 279 1
2 356 198 200 356 198 200 1
2 356 196 198 356 196 198 1
2 356 195 196 356 195 196 1
2 356 357 195 356 357 195 1
2 356 358 357 356 358 357 1
2 356 202 358 356 202 358 1
2 356 200 202 356 200 202 1
2 359 360 197 359 360 197 1
2 197 360 361 197 360 361 1
2 360 362 361 360 362 361 1
2 361 362 363 361 362 363 1
2 362 364 363 362 364 363 1
2 363 364 365 363 364 365 1
2 364 366 365 364 366 365 1
2 367 368 369 367 368 369 1
2 369 368 370 369 368 370 1
2 368 371 370 368 371 370 1
2 370 371 372 370 371 372 1
2 371 373 372 371 373 372 1
2 372 373 374 372 373 374 1
2 373 375 374 373 375 374 1
2 376 261 377 376 261 377 1
2 377 261 378 377 261 378 1
2 261 379 378 261 379 378 1
2 378 379 380 378 379 380 1
2 379 381 380 379 381 380 1
2 380 381 382 380 381 382 1
2 381 383 382 381 383 382 1
2 367 384 368 367 384 368 1
2 368 384 385 368 384 385 1
2 384 386 385 384 386 385 1
2 385 386 387 385 386 387 1
2 386 388 387 386 388 387 1
2 387 388 389 387 388 389 1
2 388 390 389 388 390 389 1
2 391 392 393 391 392 393 1
2 393 392 394 393 392 394 1
2 392 395 394 392 395 394 1
2 394 395 396 394 395 396 1
2 395 397 396 395 397 396 1
2 396 397 398 396 397 398 1
2 397 399 398 397 399 398 1
2 400 401 402 400 401 402 1
2 402 401 403 402 401 403 1
2 401 404 403 401 404 403 1
2 403 404 405 403 404 405 1
2 404 406 405 404 406 405 1
2 405 406 407 405 406 407 1
2 406 408 407 406 408 407 1
2 409 410 411 409 410 411 1
2 411 410 412 411 410 412 1
2 410 413 412 410 413 412 1
2 412 413 414 412 413 414 1
2 413 415 414 413 415 414 1
2 414 415 416 414 415 416 1
2 415 417 416 415 417 416 1
2 418 419 420 418 419 420 1
2 420 419 89 420 419 89 1
2 419 421 89 419 421 89 1
2 89 421 87 89 421 87 1
2 421 422 87 421 422 87 1
2 87 422 423 87 422 423 1
2 422 424 423 422 424 423 1
2 425 421 419 425 421 419 1
2 425 422 421 425 422 421 1
2 425 424 422 425 424 422 1
2 425 426 424 425 426 424 1
2 425 427 426 425 427 426 1
2 425 418 427 425 418 427 1
2 425 419 418 425 419 418 1
2 428 218 429 428 218 429 1
2 429 218 430 429 218 430 1
2 218 216 430 218 216 430 1
2 430 216 431 430 216 431 1
2 216 432 431 216 432 431 1
2 431 432 433 431 432 433 1
2 432 434 433 432 434 433 1
2 435 436 437 435 436 437 1
2 437 436 438 437 436 438 1
2 436 439 438 436 439 438 1
2 438 439 440 438 439 440 1
2 439 441 440 439 441 440 1
2 440 441 442 440 441 442 1
2 441 443 442 441 443 442 1
2 444 445 446 444 445 446 1
2 444 447 445 444 447 445 1
2 444 448 447 444 448 447 1
2 444 449 448 444 449 448 1
2 444 450 449 444 450 449 1
2 444 446 450 444 446 450 1
2 451 452 453 451 452 453 1
2 451 454 452 451 454 452 1
2 451 455 454 451 455 454 1
2 451 456 455 451 456 455 1
2 451 457 456 451 457 456 1
2 451 453 457 451 453 457 1
2 458 459 460 458 459 460 1
2 458 242 459 458 242 459 1
2 458 241 242 458 241 242 1
2 458 461 241 458 461 241 1
2 458 462 461 458 462 461 1
2 458 460 462 458 460 462 1
2 463 464 406 463 464 406 1
2 463 465 464 463 465 464 1
2 463 466 465 463 466 465 1
2 463 467 466 463 467 466 1
2 463 468 467 463 468 467 1
2 463 469 468 463 469 468 1
2 470 471 472 470 471 472 1
2 472 471 473 472 471 473 1
2 471 474 473 471 474 473 1
2 473 474 475 473 474 475 1
2 474 476 475 474 476 475 1
2 475 476 477 475 476 477 1
2 478 479 480 478 479 480 1
2 478 273 479 478 273 479 1
2 478 14 273 478 14 273 1
2 478 16 14 478 16 14 1
2 478 480 16 478 480 16 1
2 481 482 483 481 482 483 1
2 483 482 484 483 482 484 1
2 482 485 484 482 485 484 1
2 484 485 486 484 485 486 1
2 485 487 486 485 487 486 1
2 488 489 118 488 489 118 1
2 118 489 116 118 489 116 1
2 489 490 116 489 490 116 1
2 116 490 114 116 490 114 1
2 490 113 114 490 113 114 1
2 491 492 493 491 492 493 1
2 491 219 492 491 219 492 1
2 491 220 219 491 220 219 1
2 491 316 220 491 316 220 1
2 491 493 316 491 493 316 1
2 323 494 322 323 494 322 1
2 322 494 321 322 494 321 1
2 494 495 321 494 495 321 1
2 321 495 496 321 495 496 1
2 495 497 496 495 497 496 1
2 498 113 490 498 113 490 1
2 498 289 113 498 289 113 1
2 498 291 289 498 291 289 1
2 498 489 291 498 489 291 1
2 498 490 489 498 490 489 1
2 499 500 501 499 500 501 1
2 499 502 500 499 502 500 1
2 499 503 502 499 503 502 1
2 499 504 503 499 504 503 1
2 499 505 504 499 505 504 1
2 506 507 508 506 507 508 1
2 508 507 509 508 507 509 1
2 507 510 509 507 510 509 1
2 509 510 511 509 510 511 1
2 510 512 511 510 512 511 1
2 513 514 122 513 514 122 1
2 122 514 123 122 514 123 1
2 514 515 123 514 515 123 1
2 123 515 126 123 515 126 1
2 515 516 126 515 516 126 1
2 517 518 449 517 518 449 1
2 449 518 448 449 518 448 1
2 518 519 448 518 519 448 1
2 448 519 447 448 519 447 1
2 519 520 447 519 520 447 1
2 521 522 85 521 522 85 1
2 85 522 83 85 522 83 1
2 522 523 83 522 523 83 1
2 83 523 81 83 523 81 1
2 523 79 81 523 79 81 1
2 524 525 526 524 525 526 1
2 524 527 525 524 527 525 1
2 524 528 527 524 528 527 1
2 524 529 528 524 529 528 1
2 524 526 529 524 526 529 1
2 530 531 522 530 531 522 1
2 522 531 523 522 531 523 1
2 531 532 523 531 532 523 1
2 523 532 533 523 532 533 1
2 532 534 533 532 534 533 1
2 535 536 537 535 536 537 1
2 537 536 538 537 536 538 1
2 536 539 538 536 539 538 1
2 538 539 540 538 539 540 1
2 539 541 540 539 541 540 1
2 542 249 543 542 249 543 1
2 543 249 544 543 249 544 1
2 249 251 544 249 251 544 1
2 544 251 545 544 251 545 1
2 251 546 545 251 546 545 1
2 302 301 547 302 301 547 1
2 547 301 548 547 301 548 1
2 301 299 548 301 299 548 1
2 548 299 549 548 299 549 1
2 299 296 549 299 296 549 1
2 550 551 552 550 551 552 1
2 552 551 281 552 551 281 1
2 551 553 281 551 553 281 1
2 281 553 353 281 553 353 1
2 553 352 353 553 352 353 1
2 364 362 554 364 362 554 1
2 554 362 555 554 362 555 1
2 362 360 555 362 360 555 1
2 555 360 556 555 360 556 1
2 360 359 556 360 359 556 1
2 557 558 199 557 558 199 1
2 199 558 201 199 558 201 1
2 558 559 201 558 559 201 1
2 201 559 203 201 559 203 1
2 559 560 203 559 560 203 1
2 163 561 161 163 561 161 1
2 161 561 562 161 561 562 1
2 561 163 562 561 163 562 1
2 562 163 563 562 163 563 1
2 163 204 563 163 204 563 1
2 564 565 566 564 565 566 1
2 564 567 565 564 567 565 1
2 564 568 567 564 568 567 1
2 564 569 568 564 569 568 1
2 564 570 569 564 570 569 1
2 571 572 573 571 572 573 1
2 571 574 572 571 574 572 1
2 571 575 574 571 575 574 1
2 571 576 575 571 576 575 1
2 571 577 576 571 577 576 1
2 54 474 52 54 474 52 1
2 52 474 50 52 474 50 1
2 474 471 50 474 471 50 1
2 50 471 49 50 471 49 1
2 471 470 49 471 470 49 1
2 578 579 580 578 579 580 1
2 578 581 579 578 581 579 1
2 578 582 581 578 582 581 1
2 578 583 582 578 583 582 1
2 578 580 583 578 580 583 1
2 584 585 586 584 585 586 1
2 586 585 587 586 585 587 1
2 585 588 587 585 588 587 1
2 587 588 589 587 588 589 1
2 588 60 589 588 60 589 1
2 590 591 592 590 591 592 1
2 590 593 591 590 593 591 1
2 590 594 593 590 594 593 1
2 590 595 594 590 595 594 1
2 590 596 595 590 596 595 1
2 597 598 599 597 598 599 1
2 597 600 598 597 600 598 1
2 597 601 600 597 601 600 1
2 597 602 601 597 602 601 1
2 597 603 602 597 603 602 1
2 108 110 604 108 110 604 1
2 604 110 605 604 110 605 1
2 110 606 605 110 606 605 1
2 605 606 212 605 606 212 1
2 606 110 212 606 110 212 1
2 607 608 321 607 608 321 1
2 321 608 319 321 608 319 1
2 608 609 319 608 609 319 1
2 319 609 610 319 609 610 1
2 13 611 11 13 611 11 1
2 11 611 9 11 611 9 1
2 611 612 9 611 612 9 1
2 9 612 7 9 612 7 1
2 613 614 615 613 614 615 1
2 613 616 614 613 616 614 1
2 613 323 616 613 323 616 1
2 613 494 323 613 494 323 1
2 308 354 307 308 354 307 1
2 307 354 133 307 354 133 1
2 354 351 133 354 351 133 1
2 133 351 350 133 351 350 1
2 311 312 492 311 312 492 1
2 492 312 493 492 312 493 1
2 312 314 493 312 314 493 1
2 493 314 316 493 314 316 1
2 313 617 618 313 617 618 1
2 618 617 619 618 617 619 1
2 617 317 619 617 317 619 1
2 619 317 315 619 317 315 1
2 324 620 323 324 620 323 1
2 324 621 620 324 621 620 1
2 324 622 621 324 622 621 1
2 324 325 622 324 325 622 1
2 623 624 625 623 624 625 1
2 623 626 624 623 626 624 1
2 623 627 626 623 627 626 1
2 623 447 627 623 447 627 1
2 481 628 482 481 628 482 1
2 482 628 629 482 628 629 1
2 628 630 629 628 630 629 1
2 629 630 631 629 630 631 1
2 632 633 634 632 633 634 1
2 634 633 276 634 633 276 1
2 633 635 276 633 635 276 1
2 276 635 636 276 635 636 1
2 270 637 271 270 637 271 1
2 270 0 637 270 0 637 1
2 270 1 0 270 1 0 1
2 270 4 1 270 4 1 1
2 408 638 407 408 638 407 1
2 408 639 638 408 639 638 1
2 408 640 639 408 640 639 1
2 408 464 640 408 464 640 1
2 485 641 487 485 641 487 1
2 487 641 642 487 641 642 1
2 641 643 642 641 643 642 1
2 642 643 629 642 643 629 1
2 133 135 307 133 135 307 1
2 307 135 306 307 135 306 1
2 135 136 306 135 136 306 1
2 306 136 138 306 136 138 1
2 644 20 645 644 20 645 1
2 644 19 20 644 19 20 1
2 644 31 19 644 31 19 1
2 644 646 31 644 646 31 1
2 166 647 169 166 647 169 1
2 166 337 647 166 337 647 1
2 166 344 337 166 344 337 1
2 166 165 344 166 165 344 1
2 165 167 343 165 167 343 1
2 343 167 648 343 167 648 1
2 167 168 648 167 168 648 1
2 648 168 170 648 168 170 1
2 649 650 453 649 650 453 1
2 453 650 651 453 650 651 1
2 650 652 651 650 652 651 1
2 651 652 653 651 652 653 1
2 535 76 536 535 76 536 1
2 536 76 539 536 76 539 1
2 76 77 539 76 77 539 1
2 539 77 79 539 77 79 1
2 654 526 655 654 526 655 1
2 654 529 526 654 529 526 1
2 654 528 529 654 528 529 1
2 654 656 528 654 656 528 1
2 75 657 78 75 657 78 1
2 75 658 657 75 658 657 1
2 75 659 658 75 659 658 1
2 75 660 659 75 660 659 1
2 57 661 662 57 661 662 1
2 57 663 661 57 663 661 1
2 57 664 663 57 664 663 1
2 57 55 664 57 55 664 1
2 665 543 544 665 543 544 1
2 665 666 543 665 666 543 1
2 665 667 666 665 667 666 1
2 665 668 667 665 668 667 1
2 669 670 671 669 670 671 1
2 669 672 670 669 672 670 1
2 669 673 672 669 673 672 1
2 669 674 673 669 674 673 1
2 675 676 677 675 676 677 1
2 675 678 676 675 678 676 1
2 675 679 678 675 679 678 1
2 675 680 679 675 680 679 1
2 550 681 551 550 681 551 1
2 551 681 682 551 681 682 1
2 681 683 682 681 683 682 1
2 682 683 684 682 683 684 1
2 685 686 687 685 686 687 1
2 687 686 688 687 686 688 1
2 686 282 688 686 282 688 1
2 688 282 280 688 282 280 1
2 689 690 691 689 690 691 1
2 689 684 690 689 684 690 1
2 689 682 684 689 682 684 1
2 689 692 682 689 692 682 1
2 693 32 694 693 32 694 1
2 693 33 32 693 33 32 1
2 693 36 33 693 36 33 1
2 693 695 36 693 695 36 1
2 696 697 698 696 697 698 1
2 698 697 376 698 697 376 1
2 697 262 376 697 262 376 1
2 376 262 261 376 262 261 1
2 699 368 700 699 368 700 1
2 699 371 368 699 371 368 1
2 699 373 371 699 373 371 1
2 699 701 373 699 701 373 1
2 702 700 385 702 700 385 1
2 702 703 700 702 703 700 1
2 702 704 703 702 704 703 1
2 702 705 704 702 705 704 1
2 383 381 706 383 381 706 1
2 706 381 707 706 381 707 1
2 381 708 707 381 708 707 1
2 707 708 709 707 708 709 1
2 710 711 712 710 711 712 1
2 710 713 711 710 713 711 1
2 710 714 713 710 714 713 1
2 710 715 714 710 715 714 1
2 468 716 467 468 716 467 1
2 467 716 466 467 716 466 1
2 716 717 466 716 717 466 1
2 466 717 512 466 717 512 1
2 158 207 160 158 207 160 1
2 158 327 207 158 327 207 1
2 158 328 327 158 328 327 1
2 158 155 328 158 155 328 1
2 420 90 418 420 90 418 1
2 418 90 718 418 90 718 1
2 90 92 718 90 92 718 1
2 718 92 94 718 92 94 1
2 719 88 87 719 88 87 1
2 719 91 88 719 91 88 1
2 719 93 91 719 93 91 1
2 719 720 93 719 720 93 1
2 585 58 588 585 58 588 1
2 585 56 58 585 56 58 1
2 585 54 56 585 54 56 1
2 585 584 54 585 584 54 1
2 721 582 722 721 582 722 1
2 721 581 582 721 581 582 1
2 721 579 581 721 579 581 1
2 721 723 579 721 723 579 1
2 724 725 726 724 725 726 1
2 724 727 725 724 727 725 1
2 724 728 727 724 728 727 1
2 724 729 728 724 729 728 1
2 214 432 216 214 432 216 1
2 214 434 432 214 434 432 1
2 214 103 434 214 103 434 1
2 214 105 103 214 105 103 1
2 313 310 730 313 310 730 1
2 730 310 731 730 310 731 1
2 310 309 731 310 309 731 1
2 684 500 732 684 500 732 1
2 732 500 733 732 500 733 1
2 500 734 733 500 734 733 1
2 4 272 6 4 272 6 1
2 6 272 8 6 272 8 1
2 272 10 8 272 10 8 1
2 735 736 737 735 736 737 1
2 737 736 111 737 736 111 1
2 736 112 111 736 112 111 1
2 738 501 739 738 501 739 1
2 739 501 684 739 501 684 1
2 501 500 684 501 500 684 1
2 740 741 742 740 741 742 1
2 742 741 734 742 741 734 1
2 741 733 734 741 733 734 1
2 624 626 630 624 626 630 1
2 630 626 631 630 626 631 1
2 626 627 631 626 627 631 1
2 742 502 743 742 502 743 1
2 743 502 744 743 502 744 1
2 502 503 744 502 503 744 1
2 633 632 745 633 632 745 1
2 745 632 746 745 632 746 1
2 632 747 746 632 747 746 1
2 748 492 749 748 492 749 1
2 749 492 750 749 492 750 1
2 492 219 750 492 219 750 1
2 751 234 752 751 234 752 1
2 752 234 753 752 234 753 1
2 234 229 753 234 229 753 1
2 232 22 754 232 22 754 1
2 754 22 755 754 22 755 1
2 22 756 755 22 756 755 1
2 22 232 20 22 232 20 1
2 20 232 144 20 232 144 1
2 232 147 144 232 147 144 1
2 757 758 29 757 758 29 1
2 29 758 17 29 758 17 1
2 758 759 17 758 759 17 1
2 354 308 355 354 308 355 1
2 355 308 760 355 308 760 1
2 308 305 760 308 305 760 1
2 446 445 625 446 445 625 1
2 625 445 623 625 445 623 1
2 445 447 623 445 447 623 1
2 119 117 761 119 117 761 1
2 761 117 762 761 117 762 1
2 117 115 762 117 115 762 1
2 763 764 765 763 764 765 1
2 765 764 766 765 764 766 1
2 764 767 766 764 767 766 1
2 453 452 768 453 452 768 1
2 768 452 769 768 452 769 1
2 452 454 769 452 454 769 1
2 330 527 770 330 527 770 1
2 770 527 771 770 527 771 1
2 527 528 771 527 528 771 1
2 772 773 774 772 773 774 1
2 774 773 775 774 773 775 1
2 773 776 775 773 776 775 1
2 777 778 779 777 778 779 1
2 779 778 780 779 778 780 1
2 778 781 780 778 781 780 1
2 782 38 783 782 38 783 1
2 783 38 784 783 38 784 1
2 38 257 784 38 257 784 1
2 254 256 785 254 256 785 1
2 785 256 786 785 256 786 1
2 256 787 786 256 787 786 1
2 189 257 191 189 257 191 1
2 191 257 36 191 257 36 1
2 257 38 36 257 38 36 1
2 788 789 34 788 789 34 1
2 34 789 45 34 789 45 1
2 789 790 45 789 790 45 1
2 688 280 791 688 280 791 1
2 791 280 792 791 280 792 1
2 280 793 792 280 793 792 1
2 794 795 174 794 795 174 1
2 174 795 172 174 795 172 1
2 795 170 172 795 170 172 1
2 582 583 796 582 583 796 1
2 796 583 797 796 583 797 1
2 583 431 797 583 431 797 1
2 798 799 800 798 799 800 1
2 800 799 801 800 799 801 1
2 799 802 801 799 802 801 1
2 93 803 95 93 803 95 1
2 95 803 97 95 803 97 1
2 803 804 97 803 804 97 1
2 634 276 805 634 276 805 1
2 805 276 277 805 276 277 1
2 806 285 807 806 285 807 1
2 807 285 286 807 285 286 1
2 315 313 619 315 313 619 1
2 619 313 618 619 313 618 1
2 808 809 402 808 809 402 1
2 402 809 468 402 809 468 1
2 810 811 812 810 811 811 1
2 812 811 813 811 811 812 1
2 734 500 742 734 500 742 1
2 742 500 502 742 500 502 1
2 760 805 355 760 805 355 1
2 355 805 277 355 805 277 1
2 814 815 816 813 814 814 1
2 816 815 817 814 814 815 1
2 405 818 403 405 816 403 1
2 403 818 819 403 816 817 1
2 820 821 822 818 819 820 1
2 822 821 823 820 819 821 1
2 115 112 735 115 112 735 1
2 735 112 736 735 112 736 1
2 507 464 510 507 464 510 1
2 510 464 465 510 464 465 1
2 298 824 297 298 822 297 1
2 297 824 825 297 822 823 1
2 300 826 827 300 824 825 1
2 827 826 828 825 824 826 1
2 298 300 824 298 300 822 1
2 824 300 827 822 300 825 1
2 300 128 826 300 128 824 1
2 826 128 829 824 128 827 1
2 756 751 755 756 751 755 1
2 755 751 752 755 751 752 1
2 754 755 753 754 755 753 1
2 753 755 752 753 755 752 1
2 754 753 230 754 753 230 1
2 230 753 231 230 753 231 1
2 641 485 830 641 485 828 1
2 830 485 482 828 485 482 1
2 831 295 825 829 295 823 1
2 825 295 297 823 295 297 1
2 825 824 828 823 822 826 1
2 828 824 827 826 822 825 1
2 828 826 832 826 824 830 1
2 832 826 829 830 824 827 1
2 319 610 320 319 610 320 1
2 320 610 833 320 610 831 1
2 834 329 770 832 329 770 1
2 770 329 330 770 329 330 1
2 143 141 835 143 141 833 1
2 835 141 181 833 141 181 1
2 454 455 820 454 455 818 1
2 820 455 821 818 455 819 1
2 525 527 331 525 527 331 1
2 331 527 330 331 527 330 1
2 80 836 82 80 834 82 1
2 82 836 84 82 834 84 1
2 182 837 181 182 835 181 1
2 181 837 835 181 835 833 1
2 48 838 51 48 836 51 1
2 51 838 53 51 836 53 1
2 839 180 840 837 180 838 1
2 840 180 179 838 180 179 1
2 841 842 843 839 840 840 1
2 843 842 844 840 840 841 1
2 239 240 670 239 240 670 1
2 670 240 671 670 240 671 1
2 253 845 251 253 842 251 1
2 251 845 546 251 842 546 1
2 363 365 846 363 365 843 1
2 846 365 847 843 365 844 1
2 361 848 849 361 845 846 1
2 849 848 850 846 845 847 1
2 363 846 361 363 843 361 1
2 361 846 848 361 843 845 1
2 361 849 197 361 846 197 1
2 197 849 851 197 846 848 1
2 782 783 787 782 783 787 1
2 787 783 786 787 783 786 1
2 784 785 783 784 785 783 1
2 783 785 786 783 785 786 1
2 784 258 785 784 258 785 1
2 785 258 259 785 258 259 1
2 852 847 366 849 844 366 1
2 366 847 365 366 844 365 1
2 847 850 846 844 847 843 1
2 846 850 848 843 847 845 1
2 850 853 849 847 850 846 1
2 849 853 851 846 850 848 1
2 382 854 380 382 851 380 1
2 380 854 378 380 851 378 1
2 855 390 856 852 390 853 1
2 856 390 388 853 390 388 1
2 857 704 858 854 704 855 1
2 858 704 705 855 704 705 1
2 400 402 469 400 402 469 1
2 469 402 468 469 402 468 1
2 506 640 507 506 640 507 1
2 507 640 464 507 640 464 1
2 466 512 465 466 512 465 1
2 465 512 510 465 512 510 1
2 159 859 157 159 856 157 1
2 157 859 156 157 856 156 1
2 566 565 572 566 565 572 1
2 572 565 573 572 565 573 1
2 860 171 647 857 171 647 1
2 647 171 169 647 171 169 1
2 861 797 433 858 797 433 1
2 433 797 431 433 797 431 1
2 580 430 583 580 430 583 1
2 583 430 431 583 430 431 1
2 213 215 862 213 215 859 1
2 862 215 217 859 215 217 1
2 596 602 595 596 602 595 1
2 595 602 603 595 602 603 1
2 323 620 616 323 620 616 1
2 611 13 15 611 13 15 1
2 743 740 742 743 740 742 1
2 488 118 120 488 118 120 1
2 617 313 863 617 313 860 1
2 864 479 273 861 479 273 1
2 321 496 607 321 496 607 1
2 115 737 865 115 737 862 1
2 737 115 735 737 115 735 1
2 866 501 738 863 501 738 1
2 624 630 628 624 630 628 1
2 499 867 505 499 864 505 1
2 271 637 868 271 637 865 1
2 224 226 807 224 226 807 1
2 283 285 869 283 285 866 1
2 291 489 870 291 489 867 1
2 231 753 229 231 753 229 1
2 230 232 754 230 232 754 1
2 128 126 516 128 126 516 1
2 23 21 25 23 21 25 1
2 642 629 631 642 629 631 1
2 871 872 873 868 868 868 1
2 304 140 142 304 140 142 1
2 516 515 874 516 515 869 1
2 61 63 875 61 63 870 1
2 622 325 876 622 325 871 1
2 877 86 84 872 86 84 1
2 75 74 660 75 74 660 1
2 76 535 74 76 535 74 1
2 79 523 533 79 523 533 1
2 539 79 541 539 79 541 1
2 520 519 878 520 519 873 1
2 879 880 881 874 874 874 1
2 530 522 521 530 522 521 1
2 48 47 882 48 47 875 1
2 180 839 182 180 837 182 1
2 453 651 883 453 651 876 1
2 884 177 176 877 177 176 1
2 839 840 885 837 838 878 1
2 27 25 29 27 25 29 1
2 459 242 243 459 242 243 1
2 249 542 247 249 542 247 1
2 886 887 888 879 879 879 1
2 239 680 238 239 680 238 1
2 676 889 677 676 880 677 1
2 347 348 890 347 348 881 1
2 293 294 891 293 294 882 1
2 134 133 350 134 133 350 1
2 892 893 685 883 884 685 1
2 254 785 259 254 785 259 1
2 784 257 258 784 257 258 1
2 557 199 197 557 199 197 1
2 41 37 39 41 37 39 1
2 352 553 690 352 553 690 1
2 692 551 682 692 551 682 1
2 894 895 896 885 885 885 1
2 690 553 691 690 553 691 1
2 897 558 557 886 558 557 1
2 898 899 900 887 887 887 1
2 379 261 263 379 261 263 1
2 708 381 379 708 381 379 1
2 397 901 399 397 888 399 1
2 902 697 696 889 697 696 1
2 701 375 373 701 375 373 1
2 903 904 905 890 890 890 1
2 906 357 358 891 357 358 1
2 538 540 907 538 540 892 1
2 908 537 538 893 537 538 1
2 274 276 636 274 276 636 1
2 407 638 405 407 638 405 1
2 406 464 408 406 464 408 1
2 280 278 793 280 278 793 1
2 685 893 686 685 884 686 1
2 746 747 909 746 747 894 1
2 207 910 209 207 895 209 1
2 648 170 911 648 170 896 1
2 562 912 161 562 897 161 1
2 413 410 913 413 410 898 1
2 204 163 164 204 163 164 1
2 420 89 90 420 89 90 1
2 662 59 57 662 59 57 1
2 588 58 60 588 58 60 1
2 476 474 54 476 474 54 1
2 914 586 587 899 586 587 1
2 587 589 915 587 589 900 1
2 100 916 103 100 901 103 1
2 212 917 605 212 902 605 1
2 918 441 439 903 441 439 1
2 919 718 94 904 718 94 1
"facechrome" 2 1
12
2 0.759473 0.105671 0.056802 0.000000 0.984400 1
2 0.534965 -0.353676 -0.944136 0.000000 0.984400 1
2 0.719202 0.369314 0.091390 0.000000 0.984400 1
2 0.391185 0.345637 -0.917190 0.000000 0.984400 1
2 0.111009 -0.464458 -1.260589 0.000000 0.984400 1
2 -0.150428 0.014320 -1.223923 0.000000 0.984400 1
2 -0.410571 -0.464458 -1.251618 0.000000 0.984400 1
2 -0.678411 0.345637 -0.898796 0.000000 0.984400 1
2 -0.820655 -0.353676 -0.920823 0.000000 0.984400 1
2 -0.970502 0.369314 0.120450 0.000000 0.984400 1
2 -1.009570 0.105671 0.087223 0.000000 0.984400 1
2 -0.148218 0.335244 -1.100891 0.000000 0.984400 1
12
0.938355 0.181895 -0.293946
0.849991 0.185946 -0.492889
0.934138 0.192462 -0.300573
0.573660 0.254440 -0.778572
0.311021 0.164186 -0.936114
-0.017277 0.267769 -0.963328
-0.344806 0.163467 -0.924331
-0.601962 0.253029 -0.757376
-0.868702 0.181375 -0.460933
-0.945811 0.186655 -0.265710
-0.950712 0.173289 -0.257135
-0.016759 0.358015 -0.933565
11
2 0 1 2 0 1 2 1
2 2 1 3 2 1 3 1
2 1 4 3 1 4 3 1
2 3 4 5 3 4 5 1
2 4 6 5 4 6 5 1
2 5 6 7 5 6 7 1
2 6 8 7 6 8 7 1
2 7 8 9 7 8 9 1
2 8 10 9 8 10 9 1
2 7 11 5 7 11 5 1
2 5 11 3 5 11 3 1
"white" 2 2
72
2 -0.255830 1.600332 -1.188654 0.937500 0.000000 0
2 -0.291990 1.537599 -1.194027 0.937500 0.937500 0
2 -0.291902 1.579387 -1.189244 0.937500 0.000000 0
2 -0.255997 1.514678 -1.198344 0.937500 0.937500 0
2 -0.066110 1.514678 -1.201607 0.000000 0.937500 0
2 -0.065942 1.600332 -1.191922 0.000000 0.000000 0
2 -0.695293 -0.854366 -0.245196 0.937500 0.000000 8
2 -0.666647 -0.794633 -0.278382 0.937500 0.937500 8
2 -0.686223 -0.835003 -0.279135 0.937500 0.000000 8
2 -0.656456 -0.775769 -0.245960 0.937500 0.937500 8
2 -0.652997 -0.775580 -0.058812 0.000000 0.937500 8
2 -0.692098 -0.856285 -0.057974 0.000000 0.000000 8
2 0.625902 1.077990 2.302717 0.937500 0.000000 0
2 0.592395 1.142708 2.311774 0.937500 0.937500 0
2 0.592273 1.098948 2.304505 0.937500 0.000000 0
2 0.626116 1.163535 2.314774 0.937500 0.937500 0
2 0.818403 1.163535 2.311470 0.000000 0.937500 0
2 0.818186 1.077990 2.299412 0.000000 0.000000 0
2 0.625580 0.967551 2.284459 0.937500 0.000000 0
2 0.592105 1.032142 2.295882 0.937500 0.937500 0
2 0.591992 0.988368 2.288612 0.937500 0.000000 0
2 0.625828 1.052983 2.298884 0.937500 0.937500 0
2 0.818120 1.052983 2.295571 0.000000 0.937500 0
2 0.817861 0.967551 2.281150 0.000000 0.000000 0
2 0.732158 -0.782206 -0.118026 0.937500 0.000000 15
2 0.703323 -0.720883 -0.083892 0.937500 0.937500 15
2 0.722845 -0.761281 -0.085339 0.937500 0.000000 15
2 0.693050 -0.701488 -0.117519 0.937500 0.937500 15
2 0.689888 -0.701692 -0.304669 0.000000 0.937500 15
2 0.728734 -0.780289 -0.305244 0.000000 0.000000 15
2 0.337189 0.733164 -1.016391 0.937500 0.000000 6
2 0.375362 0.791621 -1.037185 0.937500 0.937500 6
2 0.366287 0.750017 -1.033972 0.937500 0.000000 6
2 0.350957 0.818904 -1.020135 0.937500 0.937500 6
2 0.189351 0.844534 -0.923970 0.000000 0.937500 6
2 0.175617 0.758639 -0.917835 0.000000 0.000000 6
2 0.322817 0.642617 -1.003590 0.937500 0.000000 6
2 0.358609 0.701530 -1.026687 0.937500 0.937500 6
2 0.351895 0.659632 -1.023539 0.937500 0.000000 6
2 0.336225 0.726433 -1.009883 0.937500 0.937500 6
2 0.174960 0.754171 -0.913515 0.000000 0.937500 6
2 0.161226 0.668265 -0.907400 0.000000 0.000000 6
2 -0.151864 0.837122 -0.952531 0.000000 0.937500 13
2 -0.302813 0.725579 -1.037469 0.937500 0.000000 13
2 -0.316765 0.811488 -1.043104 0.937500 0.937500 13
2 -0.138236 0.753303 -0.946702 0.000000 0.000000 13
2 -0.110526 0.778826 -0.930760 0.000000 0.000000 13
2 -0.119706 0.820428 -0.933636 0.000000 0.937500 13
2 -0.137042 0.746578 -0.940231 0.000000 0.937500 13
2 -0.288095 0.635206 -1.027511 0.937500 0.000000 13
2 -0.302043 0.721102 -1.033170 0.937500 0.937500 13
2 -0.123160 0.660859 -0.936964 0.000000 0.000000 13
2 -0.095783 0.688394 -0.920806 0.000000 0.000000 13
2 -0.102587 0.730331 -0.923744 0.000000 0.937500 13
2 -0.032393 1.537599 -1.198493 0.000000 0.937500 0
2 -0.032307 1.579387 -1.193708 0.000000 0.000000 0
2 -0.662040 -0.794976 -0.024849 0.000000 0.937500 8
2 -0.681576 -0.835283 -0.023258 0.000000 0.000000 8
2 0.854389 1.142708 2.307271 0.000000 0.937500 0
2 0.854263 1.098948 2.300000 0.000000 0.000000 0
2 0.854113 1.032142 2.291378 0.000000 0.937500 0
2 0.853980 0.988368 2.284106 0.000000 0.000000 0
2 0.698949 -0.720526 -0.337421 0.000000 0.937500 15
2 0.718472 -0.760920 -0.338847 0.000000 0.000000 15
2 0.157882 0.828030 -0.906325 0.000000 0.937500 6
2 0.148455 0.784306 -0.903320 0.000000 0.000000 6
2 0.141112 0.737919 -0.895851 0.000000 0.937500 6
2 0.134076 0.693929 -0.892886 0.000000 0.000000 6
2 -0.334983 0.742310 -1.056364 0.937500 0.000000 13
2 -0.344414 0.785814 -1.056678 0.937500 0.937500 13
2 -0.320163 0.651733 -1.044064 0.937500 0.000000 13
2 -0.327314 0.695706 -1.046785 0.937500 0.937500 13
72
-0.032861 0.112728 -0.993082
-0.048628 0.113030 -0.992401
-0.049789 0.113687 -0.992268
-0.032274 0.112411 -0.993138
-0.000630 0.112721 -0.993626
0.000047 0.112356 -0.993668
-0.898026 0.439611 0.017057
-0.898030 0.439638 0.016141
-0.899820 0.436181 0.008375
-0.896264 0.443069 0.020012
-0.898909 0.437923 0.013649
-0.899791 0.436084 0.014380
-0.004354 -0.145633 0.989329
-0.025730 -0.151606 0.988106
-0.049546 -0.163543 0.985291
0.007560 -0.139580 0.990182
0.029791 -0.145673 0.988884
0.040967 -0.139555 0.989366
0.017376 -0.165843 0.985999
0.017776 -0.165189 0.986102
0.020412 -0.163853 0.986274
0.016063 -0.166524 0.985907
0.017301 -0.165839 0.986001
0.016104 -0.166472 0.985915
0.898925 0.437718 -0.018351
0.899733 0.435838 -0.022935
0.899833 0.435652 -0.022517
0.899716 0.436039 -0.019514
0.898225 0.439379 -0.011754
0.896336 0.443118 -0.015084
-0.524369 0.041738 -0.850468
-0.536596 0.050774 -0.842310
-0.538552 0.052534 -0.840953
-0.520278 0.046312 -0.852740
-0.499141 0.031698 -0.865941
-0.490974 0.016293 -0.871022
-0.544275 0.024969 -0.838535
-0.577755 0.031247 -0.815612
-0.577844 0.031327 -0.815546
-0.544640 0.024184 -0.838321
-0.488024 0.015926 -0.872685
-0.486349 0.015576 -0.873626
0.493557 0.028403 -0.869250
0.485477 0.040298 -0.873320
0.455795 0.015657 -0.889947
0.483278 0.017705 -0.875288
0.507173 0.038105 -0.861002
0.527929 0.057937 -0.847310
0.468476 0.029045 -0.882999
0.473118 0.025772 -0.880622
0.474783 0.019134 -0.879895
0.475309 0.043477 -0.878744
0.454960 0.025426 -0.890149
0.434485 0.007401 -0.900649
0.014459 0.113720 -0.993408
0.015826 0.113014 -0.993467
-0.899681 0.436441 0.009715
-0.899776 0.436253 0.009325
0.020209 -0.163922 0.986266
0.042565 -0.151729 0.987505
0.020009 -0.163889 0.986276
0.017627 -0.165181 0.986106
0.900341 0.435184 -0.001173
0.898352 0.439169 -0.009743
-0.508506 0.050572 -0.859572
-0.486181 0.030700 -0.873319
-0.468388 0.015383 -0.883389
-0.465855 0.013194 -0.884763
0.546048 0.112384 -0.830181
0.490946 0.061954 -0.868984
0.467220 0.021290 -0.883885
0.464296 0.018886 -0.885479
54
2 0 1 2 0 1 2 1
2 0 3 1 0 3 1 1
2 0 4 3 0 4 3 1
2 0 5 4 0 5 4 1
2 6 7 8 6 7 8 1
2 6 9 7 6 9 7 1
2 6 10 9 6 10 9 1
2 6 11 10 6 11 10 1
2 12 13 14 12 13 14 1
2 12 15 13 12 15 13 1
2 12 16 15 12 16 15 1
2 12 17 16 12 17 16 1
2 18 19 20 18 19 20 1
2 18 21 19 18 21 19 1
2 18 22 21 18 22 21 1
2 18 23 22 18 23 22 1
2 24 25 26 24 25 26 1
2 24 27 25 24 27 25 1
2 24 28 27 24 28 27 1
2 24 29 28 24 29 28 1
2 30 31 32 30 31 32 1
2 30 33 31 30 33 31 1
2 30 34 33 30 34 33 1
2 30 35 34 30 35 34 1
2 36 37 38 36 37 38 1
2 36 39 37 36 39 37 1
2 36 40 39 36 40 39 1
2 36 41 40 36 41 40 1
2 42 43 44 42 43 44 1
2 42 45 43 42 45 43 1
2 42 46 45 42 46 45 1
2 42 47 46 42 47 46 1
2 48 49 50 48 49 50 1
2 48 51 49 48 51 49 1
2 48 52 51 48 52 51 1
2 48 53 52 48 53 52 1
2 54 4 55 54 4 55 1
2 55 4 5 55 4 5 1
2 56 10 57 56 10 57 1
2 57 10 11 57 10 11 1
2 58 16 59 58 16 59 1
2 59 16 17 59 16 17 1
2 60 22 61 60 22 61 1
2 61 22 23 61 22 23 1
2 62 28 63 62 28 63 1
2 63 28 29 63 28 29 1
2 64 34 65 64 34 65 1
2 65 34 35 65 34 35 1
2 66 40 67 66 40 67 1
2 67 40 41 67 40 41 1
2 68 69 43 68 69 43 1
2 43 69 44 43 69 44 1
2 70 71 49 70 71 49 1
2 49 71 50 49 71 50 1

Materials: 3
"main.bmp"
0.200000 0.200000 0.200000 1.000000
0.800000 0.800000 0.800000 1.000000
0.000000 0.000000 0.000000 1.000000
0.000000 0.000000 0.000000 1.000000
0.000000
1.000000
"main.bmp"
""
"facechrome.bmp"
0.200000 0.200000 0.200000 1.000000
0.800000 0.800000 0.800000 1.000000
0.000000 0.000000 0.000000 1.000000
0.000000 0.000000 0.000000 1.000000
0.000000
1.000000
"facechrome.bmp"
""
"white.bmp"
0.200000 0.200000 0.200000 1.000000
0.800000 0.800000 0.800000 1.000000
0.000000 0.000000 0.000000 1.000000
0.000000 0.000000 0.000000 1.000000
0.000000
1.000000
"white.bmp"
""

Bones: 16
"torso"
""
8 0.000000 0.000000 0.000000 0.000000 0.000000 0.000000
0
0
"head"
""
8 0.000000 0.000000 0.000000 0.000000 0.000000 0.000000
0
0
"pelvis"
""
8 0.000000 0.000000 0.000000 0.000000 0.000000 0.000000
0
0
"l lower arm"
""
8 0.000000 0.000000 0.000000 0.000000 0.000000 0.000000
0
0
"l foot"
""
8 0.000000 0.000000 0.000000 0.000000 0.000000 0.000000
0
0
"l hand"
""
8 0.000000 0.000000 0.000000 0.000000 0.000000 0.000000
0
0
"l leg"
""
8 0.000000 0.000000 0.000000 0.000000 0.000000 0.000000
0
0
"l thigh"
""
8 0.000000 0.000000 0.000000 0.000000 0.000000 0.000000
0
0
"l upper arm"
""
8 0.000000 0.000000 0.000000 0.000000 0.000000 0.000000
0
0
"neck"
""
8 0.000000 0.000000 0.000000 0.000000 0.000000 0.000000
0
0
"r lower arm"
""
8 0.000000 0.000000 0.000000 0.000000 0.000000 0.000000
0
0
"r foot"
""
8 0.000000 0.000000 0.000000 0.000000 0.000000 0.000000
0
0
"r hand"
""
8 0.000000 0.000000 0.000000 0.000000 0.000000 0.000000
0
0
"r leg"
""
8 0.000000 0.000000 0.000000 0.000000 0.000000 0.000000
0
0
"r thigh"
""
8 0.000000 0.000000 0.000000 0.000000 0.000000 0.000000
0
0
"r upper arm"
""
8 0.000000 0.000000 0.000000 0.000000 0.000000 0.000000
0
0